,"Real GDP growth rate, quarterly, USA","Federal Debt: Total Public Debt as Percent of Gross Domestic Product, USA",U.S. Current Account Balance,U.S. Total Reserves excluding Gold,"10-Year Breakeven Inflation Rate, USA","Unemployment Rate, USA",Consumer Price Index for All Urban Consumers: All Items in U.S. City Average,Personal Consumption Expenditures,Federal Government: Total Expenditures,Federal Government Debt: Total Public Debt as Percent of Gross Domestic Product,Government Consumption Expenditures and Gross Investment,"Real Gross Domestic Product, Annually, USA",Gross Domestic Product,Net Exports of Goods and Services,3-Month Treasury Bill: Secondary Market Rate,10-Year Treasury Constant Maturity Rate,M2 Money Stock,5-Year Breakeven Inflation Rate,Wilshire 5000 Total Market Full Cap Index,"Trade Weighted U.S. Dollar Index: Broad, Goods and Services",St. Louis Fed Financial Stress Index,"Nonfinancial Corporate Business; Corporate Equities; Liability, Level",Federal Debt: Total Public Debt,"Bank Credit, All Commercial Banks",Industrial Production Index,Corporate Profits After Tax (without IVA and CCAdj),Long-Term Government Bond Yields: 10-year: Main (including Benchmark) for the United States,New Privately-Owned Housing Units Started: Total Units,Total Business Inventories,University of Michigan: Consumer Sentiment,U.S. / Euro Foreign Exchange Rate,U.S. / Japan Foreign Exchange Rate,China / U.S. Foreign Exchange Rate,Canada / U.S. Foreign Exchange Rate,Total Reserves excluding Gold for All Countries,"Interest Rates, Discount Rate for United States","Interest Rates, Government Securities, Treasury Bills for United States",Bank Prime Loan Rate,Effective Federal Funds Rate
1947-04-01,-1.0,,,,,,22.0,,,,40.138,,245.968,11.294,0.38,,,,,,,,,,13.7122,20.788,,,,,,,,,,,,,
1947-07-01,-0.8,,,,,,22.23,,,,39.361,,249.585,11.77,0.66,,,,,,,,,,13.6853,20.564,,,,,,,,,,,,,
1947-10-01,6.4,,,,,,22.91,,,,39.534,,259.745,9.289,0.85,,,,,,,58.9229032196,,,14.008,22.451,,,,,,,,,,,,,
1948-01-01,6.2,,,,,3.4,23.68,,,,40.875,2274.627,265.742,7.293,0.97,,,,,,,,,,14.3306,23.739,,,,,,,,,,,,,
1948-04-01,6.8,,,,,3.9,23.82,,,,42.884,,272.567,5.205,1.0,,,,,,,,,,14.2231,24.941,,,,,,,,,,,,,
1948-07-01,2.3,,,,,3.6,24.4,,,,44.66,,279.196,4.949,1.0,,,,,,,,,,14.6533,24.551,,,,,,,,,,,,,
1948-10-01,0.5,,,,,3.7,24.31,,,,46.603,,280.366,4.501,1.12,,,,,,,65.752039749,,,14.5995,23.76,,,,,,,,,,,,,
1949-01-01,-5.4,,,,,4.3,24.01,,,,48.585,2261.928,275.034,6.478,1.17,,,,,,,,,,14.1424,21.683,,,,,,,,,,,,,
1949-04-01,-1.4,,,,,5.3,23.92,,,,50.381,,271.351,6.283,1.17,,,,,,,,,,13.6585,19.172,,,,,,,,,,,,,
1949-07-01,4.2,,,,,6.7,23.7,,,,50.356,,272.889,5.179,1.02,,,,,,,,,,13.4165,19.816,,,,,,,,,,,,,
1949-10-01,-3.3,,,,,7.9,23.67,,,,49.91,,270.627,2.999,1.05,,,,,,,61.1405931372,,,13.1745,19.457,,,,,,,,,,,,,
1950-01-01,16.7,,,,,6.5,23.51,,,,48.956,2458.532,280.828,2.203,1.07,,,,,,,,,,14.008,20.037,,,,,,,,,,1.5,1.09,,
1950-04-01,12.7,,,,,5.8,23.65,,,,49.643,,290.383,1.643,1.15,,,,,,,,,,15.0028,23.815,,,,,,,,,,1.5,1.16,,
1950-07-01,16.4,,,,,5.0,24.07,,,,49.746,,308.153,-0.74,1.16,,,,,,,,,,16.3202,28.777,,,,,,,,,,1.5,1.17,,
1950-10-01,7.9,,,,,4.2,24.5,,,,53.713,,319.945,-0.154,1.31,,,,,,,54.8039441287,,,16.8311,31.581,,,,,,,,,,1.75,1.33,,
1951-01-01,5.5,,,,,3.7,25.38,,,,62.033,2656.32,336.0,0.177,1.34,,,,,,,,,,17.1537,26.345,,,,,,,,,,1.75,1.39,,
1951-04-01,7.1,,,,,3.1,25.92,,,,69.821,,344.09,1.943,1.47,,,,,,,,,,17.3688,22.589,,,,,,,,,,1.75,1.52,,
1951-07-01,8.5,,,,,3.1,25.91,,,,78.046,,351.385,3.742,1.56,,,,,,,,,,16.9655,20.778,,,,,,,,,,1.75,1.59,,
1951-10-01,0.9,,,,,3.5,26.16,,,,83.314,,356.178,4.19,1.54,,,,,,,52.6916522308,,,16.8849,22.592,,,,,,,,,,1.75,1.61,,
1952-01-01,4.3,,,,,3.2,26.45,,,,84.998,2764.803,359.82,3.721,1.57,,,,,,,51.9468747126,,,17.315,22.062,,,,,,,,,,1.75,1.69,,
1952-04-01,0.8,,,,,2.9,26.46,,,,88.987,,361.03,1.951,1.57,,,,,,,50.5586225871,,,17.315,21.295,,,,,,,,,,1.75,1.62,,
1952-07-01,2.9,,,,,3.2,26.68,,,,90.931,,367.701,-0.004,1.81,,,,,,,51.8740108687,,,16.7235,21.59,,,,,,,,,,1.75,1.82,,
1952-10-01,13.8,,,,,3.0,26.69,,,,93.418,,380.812,-1.013,1.74,,,,,,,57.1682002248,,,18.6325,23.752,,,,,,,,,,1.75,1.78,,
1953-01-01,7.7,,,,,2.9,26.64,,,,95.764,2894.411,387.98,-0.667,1.96,,,,,,,59.5156810295,,,19.1702,24.609,,,,,,,,,,1.88,2.04,,
1953-04-01,3.1,,,,,2.7,26.69,,,,97.925,,391.749,-1.251,2.19,,,,,,,64.1694240073,,,19.5198,24.658,,,,,,,,,,2.0,2.18,,
1953-07-01,-2.2,,,,,2.6,26.79,,,,96.622,,391.171,-0.552,2.04,,,,,,,67.1001996923,,,19.7886,24.201,,,,,,,,,,2.0,2.1,,
1953-10-01,-5.9,,,,,3.1,26.95,,,,96.747,,385.97,-0.335,1.38,,,,,,,60.9159066071,,,19.1165,19.351,,,,,,,,,,2.0,1.4,,
1954-01-01,-1.9,,,,,4.9,26.94,,,,94.831,2877.708,385.345,-0.356,1.18,,,,,,,56.7994929398,,,18.0679,21.923,,,,,,,,,,2.0,1.21,,
1954-04-01,0.4,,,,,5.9,26.86,,,,92.534,,386.121,0.254,0.97,,,,,,,51.4829584465,,,17.9066,22.529,,,,,,,,,,1.63,1.01,,
1954-07-01,4.6,,,,,5.8,26.86,,,,91.148,,390.996,0.574,0.72,,,,,,,46.8442935236,,,18.0948,23.813,,,,,,,,,,1.5,0.71,,0.8
1954-10-01,8.1,,,,,5.7,26.72,,,,91.356,,399.734,1.145,0.98,,,,,,,47.0189451363,,,18.3099,25.515,,,,,,,,,,1.5,0.99,,0.85
1955-01-01,11.9,,,,,4.9,26.77,,,,91.869,3083.026,413.073,1.104,1.22,,,,,,,45.7577446491,,,19.2778,28.583,,,,,,,,,,1.5,1.26,,1.39
1955-04-01,6.7,,,,,4.7,26.79,,,,92.533,,421.532,-0.155,1.59,,,,,,,41.7784881779,,,20.2188,29.064,,,,,,,,,,1.63,1.62,,1.43
1955-07-01,5.5,,,,,4.0,26.76,,,,94.099,,430.221,0.724,1.6,,,,,,,39.7274154682,,,20.7297,29.843,,,,,,,,,,1.75,1.62,,1.68
1955-10-01,2.4,,,,,4.3,26.82,,,,93.331,,437.092,0.24,2.23,,,,,,,40.9627881106,,,21.1867,31.115,,,,,,,,,,2.25,2.26,,2.24
1956-01-01,-1.5,,,,,4.0,26.83,,,,94.848,3148.765,439.746,0.44,2.41,,,,,,,39.0519776671,,,21.4556,30.601,,,,,,,,,,2.5,2.46,,2.45
1956-04-01,3.3,,,,,4.0,26.93,,,,98.247,,446.01,1.909,2.6,,,,,,,41.4425880473,,,21.4287,31.446,,,,,,,,,,2.65,2.61,,2.62
1956-07-01,-0.3,,,,,4.4,27.29,,,,98.279,,451.191,2.569,2.31,,,,,,,43.1147382712,,,20.407,30.211,,,,,,,,,,2.75,2.33,,2.75
1956-10-01,6.8,,,,,3.9,27.51,,,,101.345,,460.463,4.527,2.9,,,,,,,40.8667646882,,,21.9127,31.879,,,,,,,,,,3.0,2.96,,2.96
1957-01-01,2.6,,,1327200000.0,,4.2,27.67,,,,105.342,3215.065,469.779,4.819,3.11,,,,,,,44.1459406511,,,21.9665,32.174,,,,,,,,,,3.0,3.21,,2.84
1957-04-01,-0.9,,,1773000000.0,,3.9,27.93,,,,105.842,,472.025,4.099,3.07,,,,,,,42.1047496784,,,21.8589,30.883,,,,,,,,,,3.0,3.11,,3.0
1957-07-01,4.0,,,1758200000.0,,4.2,28.19,,,,107.405,,479.49,3.997,3.16,,,,,,,47.3899127852,,,21.9665,30.274,,,,,,,,,,3.0,3.17,,2.99
1957-10-01,-4.1,,,1939000000.0,,4.5,28.32,,,,110.062,,474.864,3.388,3.58,,,,,,,48.4271207613,,,21.4556,27.922,,,,,,,,,,3.5,3.59,,3.5
1958-01-01,-10.0,,,1981400000.0,,5.8,28.64,,,,109.843,3191.216,467.54,1.079,2.44,,,,,,,46.2184517566,,,20.165,24.236,,,,,,,,,,2.94,2.6,,2.72
1958-04-01,2.7,,,2054100000.0,,7.4,28.94,,,,113.624,,471.978,0.471,1.13,,,,,,,43.7042627127,,,19.1702,24.6,,,,,,,,,,2.03,1.13,,1.26
1958-07-01,9.6,,,2086300000.0,,7.5,28.89,,,,115.093,,485.841,0.856,0.91,,,,,,,39.5658805507,,,20.165,27.064,,,,,,,,,,1.75,0.96,,0.68
1958-10-01,9.7,,,2032900000.0,,6.7,28.91,,,,117.992,,499.555,-0.26,2.63,,,,,,,38.9857169229,,,20.9985,30.458,,,,,,,,,,2.0,2.79,,1.8
1959-01-01,7.9,,,1969900000.0,,6.0,29.01,306.1,,,117.195,3412.421,510.33,0.519,2.82,,,,,,,38.38497132,,,21.9665,32.706,,1657.0,,,,,,,,2.5,2.84,,2.48
1959-04-01,9.3,,,1799400000.0,,5.2,28.98,312.2,,,118.535,,522.653,-0.768,2.95,,,,,,,37.6670390799,,,23.2032,35.446,,1590.0,,,,,,,,3.0,2.96,,2.96
1959-07-01,0.3,,,1751600000.0,,5.1,29.15,317.8,,,119.492,,525.034,1.211,3.2,,,,,,,38.660428186,,,23.015,32.441,,1547.0,,,,,,,,3.5,3.24,,3.47
1959-10-01,1.1,,,2096800000.0,,5.7,29.35,322.8,,,118.608,,528.6,0.627,4.05,,,,,,,37.3290824289,,,22.0471,31.96,,1355.0,,,,,,,,4.0,4.12,,3.98
1960-01-01,9.3,,0.35,1984100000.0,,5.2,29.37,323.6,,,116.951,3500.272,542.648,2.858,4.35,,,,,,,40.4159603622,,,24.1712,34.614,4.72,1460.0,,,,,,,,4.0,4.44,,3.99
1960-04-01,-2.1,,0.53,1875000000.0,,5.2,29.54,336.5,,,118.38,,541.08,3.395,3.23,,,,,,,40.2159795361,,,23.5528,32.312,4.28,1289.0,,,,,,,,4.0,3.24,,3.92
1960-07-01,2.0,,0.836,1811400000.0,,5.5,29.55,331.4,,,122.419,,545.604,4.682,2.3,,,,,,,43.6191966473,,,23.1495,31.023,3.9,1197.0,,,,,,,,3.5,2.4,,3.23
1960-10-01,-5.0,,1.108,1625200000.0,,6.1,29.75,335.4,,,124.33,,540.197,5.88,2.3,,,,,,,39.4283756126,,,22.8537,29.922,3.89,1246.0,,,,,,,,3.0,2.43,,2.47
1961-01-01,2.7,,1.239,1576200000.0,,6.6,29.84,332.2,,,126.218,3590.066,545.018,5.902,2.24,,,,,,,35.1088832756,,,22.1278,29.223,3.84,1183.0,,,,,,,,3.0,2.3,,1.45
1961-04-01,7.0,,0.906,1730100000.0,,7.0,29.81,337.6,,,127.254,,555.545,4.727,2.29,,,,,,,35.5208304118,,,22.6924,30.671,3.78,1166.0,,,,,,,,3.0,2.33,,1.49
1961-07-01,7.9,,0.844,1644600000.0,,7.0,29.92,340.6,,,129.961,,567.664,4.453,2.24,,,,,,,34.6734427916,,,23.6334,32.317,3.92,1335.0,,,,,,,,3.0,2.27,,1.17
1961-10-01,8.1,,0.833,1840900000.0,,6.5,29.98,346.5,,,133.516,,580.612,4.572,2.3,,,,,,,34.6236312045,,,24.2787,34.595,3.92,1415.0,,,,,,,,3.0,2.35,,2.26
1962-01-01,7.3,,0.646,1802800000.0,,5.8,30.04,353.2,,,137.107,3810.124,594.013,4.01,2.72,,,,,,,35.5809474256,,,24.6551,35.196,4.08,1361.0,,,,,,,,3.0,2.75,,2.15
1962-04-01,3.7,,1.045,1673400000.0,,5.6,30.21,359.0,,,138.426,,600.366,4.777,2.73,,,,,,,47.5167722039,,,25.2466,35.166,3.84,1524.0,,,,,,,,3.0,2.73,,2.78
1962-07-01,5.0,,0.961,1602500000.0,,5.4,30.22,361.4,,,142.052,,609.027,4.482,2.92,,,,,,,45.3887499806,,,25.4079,36.205,4.01,1450.0,,,,,,,,3.0,2.94,,2.71
1962-10-01,1.3,,0.732,1409700000.0,,5.4,30.38,366.5,,,143.562,,612.28,3.133,2.74,3.93,,,,,,38.1212273989,,,25.6231,37.066,3.93,1533.0,,,,,,,,3.0,2.75,,2.9
1963-01-01,4.4,,0.843,1203900000.0,,5.7,30.44,374.4,,,143.724,3976.142,621.672,3.976,2.91,,,,,,,36.4029475845,,,25.9188,36.708,3.83,1244.0,,,,,,,,3.0,2.91,,2.92
1963-04-01,4.6,,1.199,1225900000.0,,5.7,30.48,376.4,,,144.132,,629.752,5.558,2.9,3.95,,,,,,35.3703874895,,,26.6179,38.652,3.97,1689.0,,,,,,,,3.0,2.91,,2.9
1963-07-01,9.1,,1.021,1138100000.0,,5.6,30.69,384.4,,,149.927,,644.444,4.511,3.18,4.01,,,,,,34.2578143619,,,26.9136,39.653,4.02,1614.0,,,,,,,,3.24,3.14,,3.02
1963-10-01,2.6,,1.35,1307800000.0,,5.5,30.75,386.0,,,150.989,,653.938,5.711,3.45,4.07,,,,,,37.0279346264,,,27.4245,40.688,4.11,1779.0,,,,,,,,3.5,3.45,,3.5
1964-01-01,8.7,,1.91,1340900000.0,,5.6,30.94,396.8,,,152.554,4205.277,669.822,7.213,3.52,,,,,,,35.1590605335,,,27.7471,44.409,4.17,1603.0,,,,,,,,3.5,3.53,,3.48
1964-04-01,4.4,,1.527,1171900000.0,,5.3,30.95,402.8,,,154.314,,678.674,6.305,3.47,4.23,,,,,,34.8336625227,,,28.3924,44.397,4.23,1448.0,,,,,,,,3.5,3.48,,3.47
1964-07-01,6.4,,1.725,998600000.0,,4.9,31.02,414.9,,,156.033,,692.031,6.946,3.46,4.15,,,,,,34.0776878637,,,28.8226,45.512,4.19,1562.0,,,,,,,,3.5,3.48,,3.42
1964-10-01,1.2,,1.662,779500000.0,,5.1,31.12,419.6,,,156.152,,697.319,7.195,3.57,4.18,,,,,,34.1227646661,,,28.715,45.174,4.19,1524.0,,,,,,,,3.5,3.58,,3.36
1965-01-01,10.0,,1.257,1134900000.0,,4.9,31.28,424.4,,,157.025,4478.555,717.79,4.512,3.81,,,,,,,34.0458123228,,,30.2744,50.699,4.19,1361.0,,,,,,,,4.0,3.83,,3.9
1965-04-01,5.2,,1.577,1112300000.0,,4.8,31.38,437.1,,,159.808,,730.191,6.688,3.93,4.2,,,,,,36.3451968851,,,31.0004,52.574,4.2,1438.0,,,,,,,,4.0,3.93,,4.09
1965-07-01,9.2,,1.305,1337600000.0,,4.4,31.58,441.0,,,166.761,,749.323,5.521,3.84,4.2,,,,,,33.9197320573,,,31.7801,53.517,4.2,1529.0,,,,,,,,4.0,3.83,,4.09
1965-10-01,9.5,,1.289,1443400000.0,,4.2,31.65,458.5,,,172.619,,771.857,5.75,4.03,4.36,,,,,,33.1040325863,,,32.3179,56.577,4.35,1452.0,,,,,,,,4.0,4.03,,4.08
1966-01-01,10.1,40.33999,0.982,1154500000.0,,4.0,31.88,465.2,,,177.032,4773.931,795.734,4.367,4.59,,,,,,,34.9336330498,320999.0,,33.1782,58.118,4.61,1370.0,,,,,,,,4.5,4.6,,4.42
1966-04-01,1.4,39.26763,0.789,1247900000.0,,3.8,32.28,476.9,,,181.659,,804.981,4.632,4.62,4.7,,,,,,37.9160455706,316097.0,,33.9042,58.576,4.75,1352.0,,,,,,,,4.5,4.61,,4.67
1966-07-01,3.4,39.62091,0.485,1735200000.0,,3.8,32.45,480.6,,,189.466,,819.638,2.687,4.8,4.99,,,,,,42.8767148394,324748.0,,34.5763,58.397,5.02,1086.0,,,,,,,,4.5,4.86,,5.3
1966-10-01,3.3,39.51977,0.776,1568600000.0,,3.7,32.85,488.3,,,193.621,,833.302,3.765,5.35,,,,,,,42.0899893343,329319.0,,35.1678,57.517,5.01,843.0,,,,,,,,4.5,5.39,,5.53
1967-01-01,3.6,39.20383,0.876,993800000.0,,3.9,32.9,494.2,,,202.588,4904.864,844.17,4.453,4.72,,,,,,,37.8085789194,330947.0,,35.1716,55.152,4.58,1067.0,,,,,,,,4.5,4.76,,4.94
1967-04-01,0.2,38.03292,0.667,671700000.0,,3.8,33.1,501.3,,,203.811,,848.983,4.219,3.84,,,,,,,38.0161399566,322893.0,,34.9028,55.258,4.59,1091.0,,,,,,,,4.1,3.86,,4.05
1967-07-01,3.8,38.82145,0.563,1087600000.0,,3.8,33.4,506.7,,,208.379,,865.233,3.302,4.21,,,,,,,36.4547444807,335896.0,,34.5152,56.54,5.16,1364.0,,,,,,,,4.0,4.31,,3.79
1967-10-01,3.1,39.10231,0.474,1887700000.0,,4.0,33.7,512.2,,,213.293,,881.439,2.244,4.56,,,,,,,35.5383423042,344663.0,,35.4054,59.497,5.48,1491.0,,,,,,,,4.0,4.59,,3.88
1968-01-01,8.4,38.42951,0.196,2617000000.0,,3.7,34.1,530.9,,,219.749,5145.914,909.387,1.054,5.0,,,,,,,39.8513988464,349473.0,,36.2595,58.82,5.53,1380.0,,,,,,,,4.5,5.08,,4.61
1968-04-01,6.9,36.96379,0.329,3292700000.0,,3.5,34.4,544.0,,,223.637,,934.344,1.749,5.38,5.64,,,,,,36.6738148984,345369.0,,36.5558,60.526,5.64,1554.0,,,,,,,,5.2,5.37,,5.76
1968-07-01,3.1,37.30897,0.139,3689800000.0,,3.7,34.9,563.2,,,227.37,,950.825,1.65,5.31,5.62,,,,,,37.5665123864,354743.0,,37.0448,61.024,5.5,1512.0,,,,,,,,5.5,5.38,,6.03
1968-10-01,1.6,36.98532,-0.051,3639500000.0,,3.4,35.3,571.6,,,231.347,,968.03,0.945,5.35,5.49,,,,,,33.7537480088,358029.0,,37.3629,62.599,5.58,1569.0,,,,,,,,5.25,5.34,,5.91
1969-01-01,6.4,36.19577,0.122,4626000000.0,,3.4,35.7,583.5,,,233.705,5306.594,993.337,0.239,6.14,,,,,,,36.29986903,359546.0,,38.1954,61.994,6.04,1769.0,,,,,,,,5.5,6.18,,6.3
1969-04-01,1.2,34.97403,-0.131,5011600000.0,,3.4,36.3,593.9,,,236.859,,1009.02,1.104,6.11,6.25,,,,,,39.001779372,352895.0,,38.5987,60.335,6.17,1524.0,,,,,,,,5.95,6.16,,7.41
1969-07-01,2.7,35.01946,0.048,4791800000.0,,3.5,36.8,602.7,,,242.535,,1029.956,1.231,7.0,6.75,,,,,,41.408904832,360685.0,,39.0334,58.634,6.72,1368.0,,,,,,,,6.0,7.01,,8.61
1969-10-01,-1.9,35.46954,0.357,5125800000.0,,3.7,37.3,618.5,,,242.838,,1038.147,3.149,7.0,7.52,,,,,,44.9393988535,368226.0,,39.1258,57.815,7.1,1381.0,,,,,,,,6.0,7.04,,9.0
1970-01-01,-0.6,35.38879,0.62,5514530000.0,,3.9,37.9,628.7,,280814.0,247.889,5316.391,1051.2,3.514,7.87,,,,,,,49.5214453739,372007.0,,37.9372,55.323,7.79,1085.0,,,,,,,,6.0,7.92,,8.98
1970-04-01,0.6,34.67329,0.972,5016710000.0,,4.6,38.5,636.0,,274924.0,249.143,,1067.375,5.207,6.51,7.04,,,,,,64.0158480739,370094.0,,37.7656,55.194,7.39,1264.0,,,,,,,,6.0,6.48,,8.1
1970-07-01,3.7,34.86717,0.515,4131390000.0,,5.0,38.9,648.5,,282367.0,254.584,,1086.059,4.088,6.45,7.64,,,,,,55.7045530456,378678.0,,37.6919,56.132,7.46,1517.0,,,,,,,,6.0,6.47,,7.21
1970-10-01,-4.2,35.74822,0.222,3624890000.0,,5.5,39.4,658.3,,291242.0,258.708,,1088.608,2.985,5.91,7.29,,,,,,51.3688200014,389158.0,,36.6179,53.35,7.33,1580.0,,,,,,,,6.0,5.93,,6.2
1971-01-01,11.3,34.50345,0.683,3658990000.0,,5.9,39.9,676.1,,292043.0,261.905,5491.445,1135.156,4.57,4.44,,,,,,,47.4845921341,391668.0,,37.5184,60.152,6.24,1828.0,,,,358.02,,1.0118,,5.23,4.49,,4.14
1971-04-01,2.2,34.36089,-0.409,3382130000.0,,5.9,40.1,688.8,,294417.0,266.118,,1156.271,-0.401,3.86,5.58,,,,,,48.4845588063,397305.0,,37.6164,62.42,5.83,1986.0,,,,357.5032,,1.0077,,4.75,3.78,,4.16
1971-07-01,3.3,35.00694,-0.536,2829510000.0,,6.0,40.6,698.9,,304952.0,269.783,,1177.675,0.236,5.4,6.69,,,,,,50.1859508159,412268.0,,37.8556,66.544,6.73,2083.0,,,,357.4043,,1.0213,,4.88,5.41,,5.31
1971-10-01,0.9,35.63237,-1.173,1938900000.0,,5.8,40.9,715.8,,317118.0,272.067,,1190.297,-1.92,4.46,6.0,,,,,,47.4536350904,424131.0,,38.5339,68.735,5.93,2128.0,,,,331.1105,,1.0047,,5.0,4.49,,5.2
1972-01-01,7.6,34.72622,-1.693,2878030294.3402,,5.8,41.2,731.5,,320987.0,282.228,5780.048,1230.609,-3.534,3.38,,,,,,,45.9648184727,427344.0,,40.0823,72.785,5.95,2494.0,,,,312.72,,1.0059,,4.5,3.41,,3.51
1972-04-01,9.4,33.67383,-1.689,2810705664.602,,5.7,41.5,752.5,,314976.0,286.464,,1266.369,-4.258,3.71,,,,,,,47.0096580255,426435.0,,41.1759,73.825,6.19,2249.0,,,,303.5605,,0.9957,,4.5,3.72,,4.17
1972-07-01,3.8,33.62447,-1.285,2599590850.0044,,5.6,41.8,769.9,,319574.0,284.316,,1290.566,-2.638,3.98,,,,,,,46.7246480259,433946.0,,41.2475,77.004,6.11,2252.0,,,,301.0305,,0.984,,4.5,4.06,,4.55
1972-10-01,6.9,33.74758,-1.13,2825465178.233,,5.6,42.2,794.9,,331576.0,291.749,,1328.904,-3.061,4.74,,,,,,,41.9052644612,448473.0,,42.6806,83.484,6.48,2485.0,,,,301.011,,0.9827,,4.5,4.72,,5.05
1973-01-01,10.3,33.29287,0.145,2566339506.4615,,4.9,42.7,816.5,,339859.0,299.571,6106.371,1377.49,-1.4,5.41,,,,,,,45.9346477618,458606.0,,43.9874,95.547,6.46,2481.0,,,,301.7882,,0.9993,,4.77,5.31,,5.94
1973-04-01,4.4,32.34466,0.873,2685785153.1187,,5.0,43.7,835.7,,333932.0,302.709,,1413.887,2.454,6.26,,,,,,,51.2716643837,457317.0,,44.5779,99.033,6.67,2084.0,,,,265.4914,,1.0007,,5.5,6.29,,7.12
1973-07-01,-2.1,32.12455,2.737,2700864470.3455,,4.8,44.2,854.1,,332838.0,304.189,,1433.838,6.437,8.01,,,,,,,50.3717546536,460614.0,,45.0921,101.161,7.13,2123.0,,,,264.5538,,0.9995,,6.98,8.02,,10.4
1973-10-01,3.9,31.77379,3.383,2715461249.4209,,4.6,45.6,868.2,,339432.0,312.593,,1476.289,8.952,7.22,6.91,,,,,,61.6599892619,469073.0,,45.7542,106.253,6.79,1677.0,,,,266.3348,,1.0011,,7.5,7.16,,10.01
1974-01-01,-3.4,31.76449,1.612,2913394116.4779,,5.1,46.8,884.5,,342459.0,324.586,6073.363,1491.209,6.394,7.77,,,,,,,65.2362635253,473675.0,,45.5297,112.656,6.99,1451.0,,,,298.1336,,0.9915,,7.5,7.76,,9.65
1974-04-01,1.0,30.99462,0.11,2990024190.8209,,5.1,48.1,910.8,,336029.0,334.957,,1530.056,-2.714,8.33,7.42,,,,,,73.3793826992,474235.0,,45.253,115.543,7.51,1607.0,,,,277.7741,,0.9676,,7.6,8.23,9.25,10.51
1974-07-01,-3.7,30.86269,-0.295,3259906846.3669,,5.5,49.3,937.9,,340881.0,346.71,,1560.026,-6.972,7.55,7.65,,,,,,99.2154681364,481466.0,,45.6196,121.06,7.81,1316.0,,,,290.98,,0.9763,,8.0,7.75,,12.92
1974-10-01,-1.5,30.79768,0.531,4237695145.7309,,6.0,51.0,959.2,,351457.0,359.228,,1599.679,0.033,7.46,7.97,,,,,,98.6477277822,492664.0,,45.0063,107.908,7.9,1070.0,,,,299.3645,,0.983,,8.0,7.24,,10.06
1975-01-01,-4.8,31.53604,4.207,4313012555.3614,,8.1,52.3,975.6,,371201.0,370.138,6060.875,1616.116,16.481,6.26,,,,,,,81.1472950635,509659.0,191.5963,41.3766,94.707,7.5,1032.0,,,,299.6845,,0.9948,,7.4,6.49,,7.13
1975-04-01,2.9,32.27817,5.014,4562631647.3342,,8.8,53.0,995.0,,387905.0,373.408,,1651.853,21.582,5.61,8.08,,,,,,70.902945572,533188.0,,40.066,99.406,8.23,1005.0,,,,292.1968,,1.011,,6.25,5.69,,5.49
1975-07-01,7.0,32.38043,4.08,4465555814.9488,,8.6,54.0,1039.8,,411381.0,385.394,,1709.82,12.043,6.13,7.97,,,,,,79.8660616512,553647.0,,40.6187,115.831,8.06,1226.0,,,,296.3741,,1.0309,,6.0,6.17,,6.1
1975-10-01,5.5,32.7301,4.813,4968689948.8405,,8.4,54.9,1060.9,,437305.0,395.571,,1761.831,13.801,5.96,8.47,,,,,,75.1319511414,576649.0,183.106,41.7303,124.091,8.14,1344.0,,,,302.3364,,1.0251,,6.0,6.08,,5.82
1976-01-01,9.3,32.98513,2.566,5023458386.539,,7.9,55.8,1107.1,,461423.0,401.291,6387.437,1820.487,4.65,4.87,,,,,,,65.7509193386,600490.0,,42.9179,132.702,7.74,1367.0,,,,304.6357,,1.0065,,5.79,4.96,,4.87
1976-04-01,3.0,33.49464,1.648,5838869839.0211,,7.7,56.1,1125.4,,470821.0,400.985,,1852.332,-0.496,4.86,7.68,,,,,,65.7378939929,620432.0,,43.6562,136.551,7.56,1395.0,,,,299.1086,,0.9836,,5.5,4.88,,4.82
1976-07-01,2.2,33.64333,-0.084,6647401582.5201,,7.8,57.0,1149.6,,488327.0,403.517,,1886.558,-4.073,5.23,7.88,,,,,,65.8979040614,634701.0,,44.1328,138.84,7.83,1401.0,,,,294.641,,0.9722,,5.5,5.28,,5.31
1976-10-01,2.9,33.78753,0.163,7415033516.95,,7.7,57.9,1176.8,,506445.0,410.818,,1934.273,-6.603,4.92,7.49,,,,,,64.504992029,653543.0,,44.5707,139.091,7.41,1629.0,,,,291.189,,0.9727,,5.5,4.93,6.75,5.02
1977-01-01,4.8,33.65136,-2.687,7429408887.9564,,7.5,58.7,1215.0,,524258.0,421.202,6682.804,1988.648,-21.079,4.62,,,,,,,71.3064061146,669207.0,,45.4293,149.831,7.21,1527.0,,,,291.0524,,1.0103,,5.25,4.6,,4.61
1977-04-01,8.0,32.80422,-3.031,7209703970.2285,,7.2,60.0,1247.3,,523221.0,431.362,,2055.909,-21.136,4.54,7.43,,,,,,71.3545842421,674425.0,,47.188,158.751,7.37,1892.0,,,,275.2071,,1.0515,,5.25,4.54,,4.73
1977-07-01,7.4,32.98791,-2.757,7268987005.4636,,6.9,60.8,1280.5,,543350.0,438.014,,2118.473,-20.579,5.19,7.34,,,,,,75.8175739995,698840.0,,47.9773,165.143,7.33,2058.0,,,,264.8632,,1.0612,,5.25,5.14,,5.42
1977-10-01,0.0,33.21873,-5.862,7389451168.635,,6.8,61.6,1311.4,,564094.0,446.749,,2164.27,-29.582,6.16,,,,,,,80.8489479155,718943.0,,48.295,166.231,7.52,2042.0,,,,254.7445,,1.0989,,5.8,6.19,,6.47
1978-01-01,1.3,33.5012,-7.02,7736830572.0373,,6.4,62.7,1329.5,,585233.0,452.589,7052.711,2202.76,-38.681,6.44,,,,,,,87.5406201775,737951.0,,47.7604,171.939,7.96,1718.0,,83.7,,241.081,,1.1012,,6.37,6.45,,6.7
1978-04-01,16.4,32.12444,-3.777,7124724383.3469,,6.1,63.9,1396.4,,587939.0,472.288,,2331.633,-22.624,6.29,,,,,,,84.1698527684,749024.0,,49.9198,190.742,8.15,2197.0,,81.6,,221.857,,1.1417,,6.5,6.31,,6.89
1978-07-01,4.1,32.21407,-3.667,7139090239.9238,,6.2,65.5,1426.8,,603571.0,484.229,,2395.053,-23.76,7.01,,,,,,,79.6191375635,771544.0,,50.4464,197.659,8.64,2092.0,,82.4,,199.6955,,1.1246,,7.23,7.08,,7.81
1978-10-01,5.5,31.86206,-0.679,7279684340.9769,,5.8,67.1,1466.9,,619207.0,496.241,,2476.949,-16.4,7.99,,,,,,,84.9219338383,789207.0,,51.1649,209.891,8.64,1981.0,,79.3,,183.631,,1.1828,,8.26,8.13,,8.96
1979-01-01,0.7,31.53601,-0.424,8876771133.9788,,5.9,68.5,1502.4,,630518.0,501.818,7275.999,2526.61,-18.159,9.35,,,,,,,82.4321391873,796792.0,,51.5359,212.834,9.1,1630.0,,72.1,,197.755,,1.1899,,9.5,9.35,,10.07
1979-04-01,0.4,31.06277,-0.691,9984958947.8695,,5.8,70.6,1538.4,,626388.0,516.508,,2591.247,-22.189,9.46,,,,,,,84.046897924,804913.0,,51.334,221.197,9.18,1748.0,,66.0,,216.2852,,1.1464,,9.5,9.49,,10.01
1979-07-01,3.0,30.98402,0.923,8754300721.6382,,5.7,73.0,1586.1,,638836.0,533.106,,2667.565,-23.029,9.24,,,,,,,80.8696997347,826519.0,,51.7124,226.008,8.95,1760.0,,60.4,,216.51,,1.1639,,9.69,9.27,,10.47
1979-10-01,1.0,31.02615,-0.098,6822010612.5323,,6.0,75.2,1641.6,,657968.0,547.775,,2723.883,-26.802,11.7,9.51,,,,,,79.3223040985,845116.0,,51.7268,222.524,10.3,1681.0,,62.1,,230.4845,,1.1754,,11.77,11.47,,13.77
1980-01-01,1.3,30.94982,-3.459,9817324125.5244,,6.3,78.0,1697.3,,667123.0,568.781,7257.316,2789.842,-35.803,12.0,,,,,,,85.9772608905,863451.0,,51.9545,223.179,10.8,1341.0,,67.0,,237.8886,,1.164,,12.0,12.04,,13.82
1980-04-01,-8.0,31.37303,-0.941,10472907820.0193,,6.9,80.9,1695.2,,682710.0,588.547,,2797.352,-15.211,13.2,12.69,,,1.8,,,77.1925916931,877614.0,,50.7369,194.437,11.47,1051.0,,52.7,,250.275,,1.1861,,13.0,14.0,,17.61
1980-07-01,-0.5,31.77687,4.333,10672600636.646,,7.8,82.6,1747.1,,709958.0,592.169,,2856.483,5.471,8.06,10.13,,,2.07,,,69.6759399046,907701.0,,48.4997,201.722,10.25,1269.0,,62.3,,221.1364,,1.1523,,10.87,8.13,,9.03
1980-10-01,7.7,31.157,2.383,12803388915.4758,,7.5,84.7,1817.1,,737746.0,608.893,,2985.557,-6.682,11.62,11.78,,,2.36,,,64.3000803423,930210.0,297.0118,50.0947,208.021,11.75,1523.0,,75.0,,209.3227,,1.1691,,11.0,11.58,13.5,12.81
1981-01-01,8.1,30.87284,0.963,17156805606.8365,,7.5,87.2,1870.0,,773676.0,633.35,7441.485,3124.206,-14.259,15.02,,,,,,,65.1958006526,964531.0,,50.9453,211.951,12.57,1547.0,,71.4,,202.3667,1.5518,1.1909,,13.0,14.73,,19.08
1981-04-01,-2.9,30.70875,1.228,18538779278.0801,,7.2,89.1,1904.4,,771255.0,648.673,,3162.532,-13.508,13.69,13.14,,,2.59,,,69.5205181688,971174.0,316.1307,50.778,200.097,13.68,1360.0,,72.4,,214.9759,1.666,1.191,,13.0,13.63,17.0,15.72
1981-07-01,4.9,30.60333,2.081,17712920843.4738,,7.2,91.5,1942.1,,789799.0,657.774,,3260.609,-7.561,14.95,14.04,,,2.55,,,82.4493486066,997855.0,331.0504,51.6646,205.12,14.28,1041.0,,74.1,,232.3261,1.7647,1.2107,,14.0,14.7,,19.04
1981-10-01,-4.3,31.35587,0.759,19095866704.2926,,7.9,93.4,1963.9,,825509.0,677.727,,3280.818,-14.75,13.54,15.75,,,2.28,,,77.6990356091,1028729.0,,50.9581,201.675,15.15,873.0,,70.3,,231.519,1.7576,1.2029,,14.0,13.87,,15.08
1982-01-01,-6.1,32.41298,-0.285,18946362269.7571,,8.6,94.4,1997.1,,858888.0,688.104,7307.314,3274.302,-16.276,12.28,,,,,,,92.2394612151,1061299.0,,48.7979,181.46,14.59,843.0,,71.0,,224.805,1.7713,1.1926,,12.0,12.41,,13.22
1982-04-01,1.8,32.40213,3.789,20406856316.9416,,9.3,95.0,2026.3,,867916.0,703.093,,3331.972,-4.386,12.7,14.1,,,2.25,,,96.1356671282,1079630.0,,49.0072,183.28,13.87,917.0,,65.5,,244.1068,1.8565,1.2252,,12.0,12.82,,14.94
1982-07-01,-1.5,33.9253,-4.04,20077727689.7789,,9.8,97.5,2072.2,,925631.0,717.344,,3366.322,-29.647,11.35,14.4,,,2.18,,,90.0189939354,1142035.0,,48.3859,178.589,13.95,1166.0,,65.4,,255.031,1.93,1.27,,11.81,11.92,,12.59
1982-10-01,0.2,35.18156,-4.997,20563481563.7779,,10.4,98.1,2125.8,,987719.0,737.351,,3402.561,-29.587,7.71,11.51,,,2.47,,,76.9197981059,1197074.0,,47.3656,172.4,10.91,1173.0,,73.4,,271.615,1.9887,1.2301,,9.68,7.75,,9.71
1983-01-01,5.4,35.82911,-2.517,22791326568.3445,,10.4,97.9,2174.0,,1043339.0,747.852,7642.266,3473.413,-24.548,7.86,,,,,,,71.7869169981,1244493.0,,47.7491,173.982,10.46,1586.0,,70.4,,232.731,1.9238,1.2287,,8.5,7.81,,8.68
1983-04-01,9.4,36.87167,-7.833,23040809345.8036,,10.2,98.8,2226.4,,1090291.0,761.061,,3578.848,-45.434,8.21,,,,,,,65.0627695426,1319581.0,,48.4511,193.299,10.4,1472.0,,89.1,,237.7467,1.9938,1.2325,,8.5,8.25,,8.8
1983-07-01,8.2,37.3311,-12.901,22241378987.6178,,9.4,99.8,2304.4,,1138188.0,782.216,,3689.179,-65.2,9.08,10.93,,,3.67,,,67.3307561487,1377211.0,,49.7773,204.717,11.38,1785.0,,92.8,,240.516,1.9966,1.2323,,8.5,9.12,,9.37
1983-10-01,8.6,37.17553,-15.444,22147034124.8199,,8.8,100.8,2357.6,,1174425.0,775.099,,3794.706,-71.385,8.64,,,,,,,72.1225543676,1410702.0,,51.4993,210.419,11.54,1715.0,,89.3,,232.8855,1.9664,1.232,,8.5,8.71,,9.48
1984-01-01,8.1,37.45447,-20.93,22767787831.2698,,8.0,102.1,2419.4,,1223898.0,794.021,8195.295,3908.054,-95.004,8.9,,,,,,,79.3142626066,1463741.0,,53.0175,219.241,11.67,1897.0,,100.1,,233.8,2.049,1.2484,,8.5,8.93,,9.56
1984-04-01,7.1,37.72687,-23.439,23477685881.5536,,7.7,103.3,2457.5,,1255100.0,819.132,,4009.601,-104.301,9.69,,,,,,,86.5846146192,1512697.0,,53.8319,220.406,12.63,1851.0,,96.1,,225.2,2.0929,1.2796,,8.87,9.69,,10.29
1984-07-01,3.9,38.49586,-23.384,23292353701.1703,,7.5,104.1,2494.6,,1309183.0,835.72,,4084.25,-103.847,10.12,,,,,,,84.2827295948,1572267.0,,54.4644,211.838,13.36,1732.0,,96.6,,243.0676,2.2996,1.3238,,9.0,10.13,,11.23
1984-10-01,3.3,40.08547,-26.589,23474056344.1761,,7.4,105.1,2531.3,,1373366.0,862.769,,4148.551,-107.756,9.74,12.54,2253.5,,3.61,,,87.8382362646,1662966.0,,54.3528,213.115,12.16,1590.0,,96.3,,246.7545,2.6488,1.319,,9.0,9.97,,9.99
1985-01-01,3.9,40.44121,-23.519,23284673638.195,,7.3,105.7,2618.8,,1415232.0,875.592,8537.004,4230.168,-91.298,7.76,,,,,,,83.4691358818,1710731.0,,54.5342,203.842,11.38,1711.0,,96.0,,254.1829,2.816,1.324,,8.0,7.76,,8.35
1985-04-01,3.6,41.31983,-28.689,24402034462.9353,,7.3,107.0,2659.5,,1460484.0,900.527,,4294.887,-114.445,7.95,11.66,2370.6,,4.08,,,82.3135139917,1774640.0,,54.6662,204.591,11.43,1821.0,,94.6,,251.8455,2.848,1.3658,,8.0,8.0,,8.27
1985-07-01,6.3,41.55909,-31.303,25980863544.8868,,7.4,107.7,2715.7,,1506558.0,927.363,,4386.773,-116.895,7.08,10.19,2425.3,,4.38,,,88.7199493976,1823103.0,,54.4381,208.314,10.31,1684.0,,94.0,,241.1364,2.8809,1.3526,,7.5,7.05,,7.88
1985-10-01,3.0,43.78715,-34.648,30566727093.4694,,7.1,108.5,2755.8,,1597083.0,938.584,,4444.094,-133.434,7.16,10.29,,,4.24,,,79.651613564,1945942.0,,54.6304,209.769,10.24,1834.0,,88.4,,214.6805,3.0782,1.3667,,7.5,7.17,,7.99
1986-01-01,3.8,44.07415,-34.209,32582464371.0346,,6.7,109.9,2827.1,,1634259.0,946.803,8832.611,4507.894,-126.014,7.07,,,,,,,73.6122224943,1986816.0,500.4448,55.6511,174.669,9.19,1972.0,,95.6,,199.8905,3.2095,1.407,,7.5,7.04,,8.14
1986-04-01,1.8,45.30682,-35.692,35401946141.0915,,7.1,108.7,2835.2,,1684939.0,967.519,,4545.34,-128.872,6.06,7.37,,,5.53,,,72.6294413694,2059349.0,,54.9456,171.227,7.3,1933.0,,96.2,,175.0918,3.2143,1.3879,,6.83,6.06,,6.99
1986-07-01,3.9,46.12536,-38.049,36346020904.7785,,7.0,109.5,2881.2,,1742445.0,993.597,,4607.669,-138.961,5.83,7.37,,,5.94,,,81.5563481166,2125304.0,,55.1716,170.904,7.3,1782.0,,97.7,,158.6059,3.6435,1.3808,,6.16,5.84,,6.56
1986-10-01,2.2,47.55286,-39.226,36022768075.1843,,7.0,110.2,2932.9,,1811744.0,996.385,,4657.627,-133.629,5.18,7.41,,,5.5,,,76.9476740728,2214835.0,519.7595,55.4645,177.255,7.43,1681.0,,95.6,,156.4723,3.7257,1.3885,,5.5,5.18,,5.85
1987-01-01,3.0,47.57835,-39.265,38324844466.9794,,6.6,111.4,2935.5,,1839271.0,1008.681,9137.745,4722.156,-141.234,5.43,,,,,,,65.9464808463,2246724.0,,56.0012,191.686,7.08,1774.0,,90.4,,154.8295,3.7314,1.3606,,5.5,5.45,,6.43
1987-04-01,4.4,48.04867,-39.985,35515787731.5359,,6.3,112.7,3038.8,,1871150.0,1025.219,,4806.16,-146.977,5.64,7.59,,,6.88,,,65.7384764287,2309296.0,548.7686,57.1954,220.614,8.02,1614.0,,92.8,,142.8986,3.7314,1.3192,,5.5,5.76,7.75,6.37
1987-07-01,3.5,48.1165,-40.129,33249337067.4033,,6.1,113.8,3094.7,,1893110.0,1036.195,,4884.555,-145.464,5.69,8.36,,,7.08,,,63.4719489142,2350277.0,554.0194,58.2501,235.711,8.45,1575.0,,93.7,,150.2939,3.7314,1.3262,,5.5,5.78,,6.58
1987-10-01,7.0,48.55667,-41.282,35115497390.8448,,6.0,115.0,3134.5,,1954065.0,1056.024,,5007.994,-145.405,6.13,9.66,,,7.65,,,82.1286150434,2431715.0,,59.7083,243.661,9.52,1515.0,,89.3,,143.32,3.7314,1.3097,,6.0,6.4,,7.29
1988-01-01,2.1,49.03151,-32.952,31886416593.791,,5.7,116.0,3213.7,,1996711.0,1056.893,9519.427,5073.372,-123.987,5.81,,,,,,,79.6254533019,2487551.0,,60.3186,252.224,8.67,1271.0,,90.8,,127.6853,3.7314,1.2855,,6.0,5.9,,6.83
1988-04-01,5.4,49.08744,-28.896,31667054813.4819,,5.4,117.2,3263.0,,2013414.0,1070.421,,5190.036,-106.627,5.91,,,,,,,78.5226067113,2547656.0,,61.1144,266.622,8.72,1573.0,,91.2,,124.8976,3.7314,1.2353,,6.0,5.92,,6.87
1988-07-01,2.4,49.25732,-27.924,32812845407.8722,,5.4,118.5,3342.7,,2051735.0,1078.19,,5282.835,-99.263,6.73,8.77,,,6.65,,,80.9363360243,2602183.0,,61.1749,265.879,9.06,1467.0,,93.4,,133.0215,3.7314,1.2075,,6.0,6.73,,7.75
1988-10-01,5.4,49.71548,-31.387,39142334311.3635,,5.4,119.9,3413.7,,2095179.0,1109.916,,5399.509,-107.694,7.35,,,,,,,79.8246588514,2684392.0,,61.5595,278.787,8.8,1522.0,,94.1,,128.6805,3.7314,1.2055,,6.5,7.34,,8.3
1989-01-01,4.1,49.73276,-28.492,37134020712.619,,5.4,121.2,3483.7,,2133419.0,1116.559,9869.003,5511.253,-100.965,8.27,,,,,,,78.7712207912,2740898.0,,62.1789,278.613,9.09,1621.0,,97.9,,127.3625,3.7314,1.1913,,6.5,8.29,,9.12
1989-04-01,3.1,49.8876,-25.168,39242485987.484,,5.2,123.1,3543.0,,2142122.0,1145.809,,5612.463,-88.16,8.65,,,,,,,76.3701112801,2799923.0,,62.0424,273.165,9.18,1339.0,,91.5,,132.0365,3.7314,1.1888,,7.0,8.7,,9.84
1989-07-01,3.0,50.17117,-22.05,52396210505.9868,,5.2,124.5,3585.7,,2180726.0,1164.58,,5695.365,-75.075,7.88,,,,,,,71.6994622473,2857431.0,,61.0978,262.833,8.02,1427.0,,92.0,,140.424,3.7314,1.1891,,7.0,7.92,,9.24
1989-10-01,0.8,51.38111,-23.775,59746689360.8321,,5.3,125.4,3633.6,,2245171.0,1180.5,,5747.237,-82.765,7.64,,,,,,,69.7949956038,2952994.0,,61.4105,263.0,8.01,1410.0,,93.9,,142.2067,3.7314,1.1749,,7.0,7.59,,8.84
1990-01-01,4.4,51.96856,-23.646,64447361462.393,,5.4,127.5,3730.7,,2329264.0,1212.45,10055.129,5872.701,-88.536,7.64,,3161.1,,,,,73.910536917,3051958.0,,61.644,272.8,8.21,1551.0,,93.0,,144.9819,4.7339,1.172,,7.0,7.64,,8.23
1990-04-01,1.5,52.7473,-19.524,65223210609.9483,,5.4,128.9,3770.0,,2368772.0,1230.721,,5960.028,-68.833,7.77,,,,,,,72.1462690897,3143754.0,,62.3597,285.023,8.79,1248.0,,93.9,,158.4586,4.7339,1.1641,,7.0,7.78,,8.26
1990-07-01,0.3,53.75313,-21.537,66842286646.8195,,5.5,130.5,3821.7,,2437551.0,1242.584,,6015.116,-74.953,7.62,,,,,,,83.5157044741,3233313.0,,62.6497,289.176,8.47,1171.0,,88.2,,149.0395,4.7339,1.157,,7.0,7.66,,8.15
1990-10-01,-3.6,56.03613,-14.258,71792196531.7919,,5.9,133.4,3870.6,,2536545.0,1268.467,,6004.733,-79.096,7.17,8.71,3262.4,,7.83,,,76.9671186528,3364820.0,,62.506,288.348,8.72,1014.0,,63.9,,129.5909,4.7339,1.16,,7.0,7.19,,8.11
1991-01-01,-1.9,57.41652,9.957,73951011191.139,,6.4,134.7,3841.0,,2598351.0,1284.187,10044.238,6035.178,-47.14,6.22,,,,,,,67.7636829823,3465189.0,,61.0931,299.498,8.09,798.0,,66.8,,133.6986,5.2352,1.156,,6.5,6.3,,6.91
1991-04-01,3.2,57.74551,2.525,67238768818.2134,,6.7,135.1,3907.1,,2642863.0,1296.577,,6126.862,-23.188,5.65,8.07,3332.1,,9.58,,,68.6899817318,3537988.0,,60.4658,304.593,8.04,1001.0,,81.8,,137.1127,5.2767,1.1535,,5.98,5.67,,5.91
1991-07-01,2.0,59.06123,-4.186,63754445825.8851,,6.8,136.2,3966.0,,2745729.0,1306.265,,6205.937,-21.074,5.58,8.26,3359.1,,9.78,,,64.9987344623,3665303.0,,61.723,310.435,8.27,1063.0,,82.9,,137.83,5.3693,1.1493,,5.5,5.58,,5.82
1991-10-01,1.4,60.68599,-5.401,63448894436.9286,,7.0,137.2,3976.0,,2833034.0,1308.774,,6264.54,-23.053,4.99,7.45,,,10.27,,,56.4229138783,3801698.0,,62.1825,316.101,7.53,1079.0,,78.3,,130.7723,5.3917,1.1279,,5.0,5.03,,5.21
1992-01-01,4.9,60.99679,-6.234,64809195905.82,,7.3,138.3,4084.7,,2917630.0,1326.421,10398.046,6363.102,-20.536,3.8,,,,,,,57.8368305167,3881288.0,615.0619,61.4898,329.803,7.03,1176.0,808292.0,67.5,,125.4614,5.4618,1.1571,,3.5,3.84,,4.03
1992-04-01,4.4,61.57938,-11.89,63655241240.4461,,7.4,139.4,4131.5,,2976774.0,1334.807,,6470.763,-32.788,3.75,7.46,,,10.99,,,58.3244455975,3984656.0,606.6313,62.9312,344.556,7.48,1099.0,815453.0,77.2,,133.5395,5.5098,1.1874,,3.5,3.81,,3.73
1992-07-01,4.0,61.89802,-14.703,66311797354.2834,,7.7,140.5,4204.8,,3048291.0,1353.997,,6566.641,-38.488,3.21,7.1,,,11.09,,,56.9904561688,4064621.0,601.6223,63.7408,328.651,6.84,1139.0,825098.0,76.6,,125.8817,5.4564,1.1924,,3.02,3.28,,3.25
1992-10-01,4.2,62.52256,-18.787,63146910104.461,,7.3,141.7,4284.7,,3129308.0,1362.775,,6680.803,-47.14,2.86,6.23,,,11.26,,,52.232309712,4177009.0,,64.0282,336.054,6.59,1244.0,827914.0,73.3,,121.1652,5.5486,1.2453,,3.0,2.84,,3.1
1993-01-01,0.7,62.86657,-14.777,60907219374.0067,,7.3,142.8,4340.7,,3187556.0,1351.818,10684.179,6729.459,-55.704,3.0,,,,,,,51.7552822617,4230580.0,,64.6256,334.638,6.6,1210.0,835983.0,89.3,,124.9932,5.7796,1.2779,,3.0,3.06,,3.02
1993-04-01,2.3,63.91524,-20.679,64590395793.0337,,7.1,143.8,4393.4,,3252285.0,1359.066,,6808.939,-63.187,2.87,6.06,,,12.6,,,52.3484353337,4351950.0,,65.0611,349.005,5.97,1258.0,846782.0,85.6,,112.4114,5.7202,1.2621,,3.0,2.89,,2.96
1993-07-01,1.9,64.10093,-21.302,63081948796.5527,,6.9,144.5,4468.9,,3294796.0,1367.411,,6882.098,-68.354,3.04,5.8,,,12.72,,,51.6408547877,4411489.0,,65.1198,362.106,5.81,1254.0,849450.0,77.0,,107.6914,5.7756,1.282,,3.0,3.05,,3.06
1993-10-01,5.6,64.66861,-28.058,63493315565.293,,6.8,145.6,4532.8,,3382197.0,1381.394,,7013.738,-73.449,3.02,5.34,,,13.3,,,50.0692864309,4535687.0,,65.8702,382.444,5.33,1392.0,855322.0,82.7,,107.02,5.8013,1.3263,,3.0,3.04,,2.99
1994-01-01,3.9,64.30709,-24.981,63190042369.7334,,6.6,146.3,4585.1,,3434208.0,1373.35,11114.647,7115.652,-80.595,2.98,,,,,,,53.388620536,4575869.0,,66.7722,413.269,5.75,1272.0,863021.0,94.3,,111.4415,8.7219,1.3173,,3.0,3.02,,3.05
1994-04-01,5.5,64.10716,-28.578,65511999639.6812,,6.4,147.2,4671.1,,3442868.0,1389.392,,7246.931,-90.572,3.68,,,,,,-0.1801,55.1678163085,4645802.0,,67.8771,427.525,6.97,1465.0,871989.0,92.6,,103.4843,8.7251,1.383,,3.0,3.74,,3.56
1994-07-01,2.4,64.01176,-31.608,64391818755.7067,,6.1,148.4,4720.6,,3479652.0,1423.432,,7331.075,-96.868,4.33,7.34,,,12.95,,-0.1132,52.9773278167,4692750.0,,68.7353,449.48,7.3,1439.0,894473.0,89.0,,98.445,8.6605,1.3826,,3.5,4.39,,4.26
1994-10-01,4.7,64.38584,-36.445,67118608541.1885,,5.8,149.4,4812.9,,3543118.0,1422.923,,7455.288,-101.913,4.95,,,,,,,53.9128596361,4800150.0,,69.969,463.129,7.74,1450.0,913439.0,92.7,,98.353,8.5492,1.3503,,4.0,4.96,,4.76
1995-01-01,1.4,64.66271,-31.434,64977658942.8694,,5.6,150.5,4851.2,,3609459.0,1437.596,11413.012,7522.289,-105.329,5.71,,,,,,,51.5229450353,4864116.0,,71.2762,477.546,7.78,1407.0,935639.0,97.6,,99.766,8.4608,1.4132,,4.75,5.81,,5.53
1995-04-01,1.2,65.31294,-32.013,77700938330.2974,,5.8,151.8,4890.2,,3634808.0,1452.892,,7580.997,-109.492,5.65,,,,,,,48.9698751169,4951372.0,,71.1623,501.314,7.06,1267.0,959239.0,92.5,,83.6895,8.4421,1.3762,,5.25,5.67,,6.05
1995-07-01,3.5,64.73906,-26.977,80481561359.7665,,5.7,152.6,4970.2,,3653199.0,1455.659,,7683.125,-74.444,5.42,,,,,,,46.0207357205,4973983.0,,71.4459,509.306,6.28,1461.0,972934.0,94.4,,87.397,8.3207,1.3612,,5.25,5.47,,5.85
1995-10-01,2.7,64.18282,-23.147,75172990999.7251,,5.5,153.5,5013.9,,3684209.0,1451.575,,7772.586,-69.78,5.28,,,,,,,43.2656668465,4988665.0,,72.5428,516.952,6.04,1369.0,984223.0,90.2,,100.839,8.3353,1.3458,,5.25,5.3,,5.76
1996-01-01,3.0,65.04171,-27.44,71665327934.6769,,5.6,154.7,5085.7,,3764019.0,1471.295,11843.599,7868.468,-88.795,5.0,,3636.9,,,,,42.222160847,5117786.0,,72.5866,537.204,5.65,1467.0,990730.0,89.3,,105.7514,8.3384,1.3669,,5.24,5.02,,5.56
1996-04-01,6.8,64.2497,-29.84,72658837886.4606,,5.6,156.1,5208.0,,3738633.0,1487.662,,8032.84,-93.709,4.95,6.31,3695.5,,19.65,,,41.2187890729,5161076.0,,74.2664,540.29,6.51,1516.0,992111.0,92.7,,107.1995,8.3515,1.3592,,5.0,4.99,,5.22
1996-07-01,3.6,64.25469,-36.058,74048635574.4481,,5.5,157.0,5251.9,,3777808.0,1496.733,,8131.408,-114.18,5.15,6.74,3730.4,,20.46,,,41.2305493504,5224811.0,,75.3754,537.278,6.87,1472.0,997782.0,94.7,,109.1909,8.3409,1.3697,,5.0,5.17,,5.4
1996-10-01,4.2,64.44697,-31.435,64507796354.6358,,5.2,158.2,5328.5,,3825994.0,1515.702,,8259.771,-88.822,4.99,6.65,,,20.88,,,39.3696291776,5323172.0,,76.2193,550.942,6.53,1392.0,1004389.0,96.5,,112.4123,8.3299,1.3508,,5.0,5.01,,5.24
1997-01-01,2.6,64.34428,-36.079,57151617831.1346,,5.3,159.4,5411.1,,3874106.0,1515.985,12370.299,8362.655,-108.839,5.03,,,,,,,39.9739845266,5380890.0,778.8503,77.5138,564.382,6.58,1355.0,1007785.0,97.4,,117.9124,8.326,1.3494,,5.0,5.05,,5.25
1997-04-01,6.8,63.10907,-28.798,54822349692.3249,,5.1,159.9,5459.3,,3804568.0,1542.541,,8518.825,-85.201,5.16,6.9,,,22.48,,,35.9667118138,5376151.0,,78.9924,584.518,6.89,1492.0,1014611.0,101.4,,125.6377,8.3257,1.3942,,5.0,5.17,,5.51
1997-07-01,5.1,62.48709,-32.717,55069300420.5543,,4.9,160.4,5548.8,,3816381.0,1555.224,,8662.823,-96.831,5.05,6.45,,,26.38,,,34.3098263467,5413146.0,,80.48,608.221,6.22,1437.0,1026787.0,107.1,,115.3759,8.3162,1.3775,,5.0,5.07,,5.52
1997-10-01,3.5,62.77032,-43.126,56986582553.1905,,4.7,161.5,5637.7,,3846706.0,1574.782,,8765.907,-117.014,4.97,6.04,,,28.99,,,33.8179051141,5502388.0,832.7488,82.7657,611.944,6.03,1520.0,1038283.0,105.6,,121.0605,8.3135,1.3869,,5.0,4.95,,5.5
1998-01-01,4.1,62.50988,-44.004,58957002891.2559,,4.6,162.0,5689.9,,3872048.0,1568.029,12924.876,8866.48,-135.215,5.04,,,,,,,31.0801077322,5542426.0,,84.1656,539.192,5.54,1525.0,1048304.0,106.6,,129.5475,8.3094,1.4409,,5.0,5.09,,5.56
1998-04-01,3.8,61.85196,-51.349,59280272114.789,,4.3,162.2,5788.1,,3790379.0,1603.691,,8969.699,-162.331,4.95,5.62,,,33.41,,,31.6804635317,5547935.0,862.5516,84.6263,538.408,5.64,1540.0,1062401.0,108.7,,131.7536,8.3058,1.4298,,5.0,5.0,,5.45
1998-07-01,5.1,60.58693,-58.889,61214843667.1465,,4.5,163.2,5890.0,,3762333.0,1627.262,,9121.097,-174.634,4.96,5.44,,,34.2,,,35.4403254229,5526193.0,895.1109,84.3448,535.273,5.46,1698.0,1064039.0,105.2,,140.7874,8.31,1.4869,,5.0,4.96,,5.54
1998-10-01,6.6,60.40696,-60.824,68142040133.7369,,4.5,163.9,5998.8,,3787391.0,1647.452,,9293.991,-178.663,3.96,4.33,,,28.8,,,30.0726587042,5614217.0,,86.5967,519.082,4.53,1715.0,1073223.0,97.4,,121.0486,8.2778,1.5452,,4.86,4.08,,5.07
1999-01-01,3.8,60.04894,-62.668,69629129039.4599,,4.3,164.7,6073.9,,3794549.0,1669.139,13543.774,9411.682,-212.559,4.34,,,,,,0.4445,30.5394309627,5651615.0,,87.2277,552.462,4.72,1748.0,1077080.0,103.9,1.1591,113.29,8.2789,1.5194,,4.5,4.34,,4.63
1999-04-01,3.4,59.19227,-69.875,62645469575.7598,,4.3,165.9,6199.5,,3685167.0,1694.757,,9526.21,-247.53,4.29,5.27,,,37.71,,,28.7260678957,5638780.0,,88.1153,568.577,5.18,1553.0,1092918.0,104.6,1.0701,119.7723,8.2792,1.4881,,4.5,4.28,,4.74
1999-07-01,5.4,58.39258,-78.704,62256992163.656,,4.3,166.7,6287.6,,3667597.0,1733.984,,9686.626,-276.403,4.55,5.85,,,40.64,,,30.5630613024,5656271.0,,89.1235,569.275,5.79,1669.0,1104062.0,106.0,1.037,119.3305,8.2776,1.489,,4.5,4.6,8.0,4.99
1999-10-01,6.7,58.34336,-84.281,62180489821.9975,,4.1,168.1,6411.4,,3715531.0,1781.74,,9900.169,-301.708,4.86,6.0,,,37.74,,0.5173,25.609835313,5776091.0,,90.2842,590.992,6.11,1608.0,1115766.0,103.2,1.0706,105.965,8.2775,1.4776,,4.75,4.87,,5.2
2000-01-01,1.5,57.72134,-96.811,58849710121.1635,,4.0,169.3,6542.9,,3687974.0,1789.895,14096.033,10002.179,-356.583,5.32,,,,,,,25.0370315935,5773392.0,,91.4251,565.043,6.66,1636.0,1140023.0,112.0,1.0131,105.296,8.2792,1.4486,,5.0,5.33,,5.45
2000-04-01,7.5,55.48491,-98.765,55556036634.8033,,3.8,170.9,6679.1,,3495713.0,1822.524,,10247.72,-362.501,5.66,,,,,,,26.5187532468,5685938.0,,92.6838,559.322,5.99,1626.0,1157552.0,109.2,0.9449,105.627,8.2793,1.4689,,5.5,5.66,,6.02
2000-07-01,0.4,54.99213,-106.717,55471258784.957,,4.0,172.7,6768.5,,3438416.0,1832.078,,10318.165,-393.867,5.96,,,,,,,27.2445970701,5674179.0,,92.8458,554.17,6.05,1463.0,1175374.0,108.3,0.9386,108.2115,8.2794,1.4778,,6.0,5.93,,6.54
2000-10-01,2.4,54.2579,-108.464,54211505025.4097,,3.9,173.9,6893.8,,3413541.0,1861.253,,10435.744,-411.343,6.11,,,,,,,31.2611813181,5662216.0,,92.6418,533.362,5.74,1549.0,1189920.0,105.8,0.8525,108.4429,8.2785,1.5125,,6.0,6.1,,6.51
2001-01-01,-1.3,55.14434,-106.879,56496022663.2976,,4.2,175.6,6987.4,,3434386.0,1906.253,14230.726,10470.231,-402.653,5.15,,4959.0,,,,,34.8522622756,5773740.0,,91.8903,562.885,5.16,1600.0,1197945.0,94.7,0.9376,116.6719,8.2776,1.5032,,5.52,5.27,,5.98
2001-04-01,2.5,54.03165,-96.133,53684889241.9042,,4.4,176.4,7004.2,,3274176.0,1947.731,,10599.0,-364.015,3.87,,,,,,,33.3249729485,5726815.0,,90.7293,581.778,5.14,1649.0,1184434.0,88.4,0.8925,123.771,8.2771,1.5578,,4.28,3.91,,4.8
2001-07-01,-1.6,54.79763,-104.468,54692058913.9364,,4.6,177.4,7082.3,,3338707.0,1953.408,,10598.02,-370.634,3.51,,,,,,,38.7206354473,5807464.0,,89.226,532.108,5.24,1670.0,1165045.0,92.4,0.8615,124.4981,8.2769,1.5308,,3.25,3.54,,3.77
2001-10-01,1.1,55.75216,-87.84,58661702745.052,,5.3,177.6,7212.9,,3393758.0,1992.742,,10660.465,-369.688,2.16,4.55,5341.6,,31.39,,,35.8478981254,5943439.0,,88.3926,512.713,4.57,1540.0,1139077.0,82.7,0.905,121.4536,8.2768,1.5717,,2.02,2.22,,2.49
2002-01-01,3.4,55.6965,-103.991,56487849115.3546,,5.7,177.7,7184.6,,3443674.0,2040.01,14472.712,10783.5,-386.884,1.65,,,,,,,35.722245702,6006032.0,,88.4665,558.468,5.04,1698.0,1117388.0,93.0,0.8832,132.6833,8.2771,1.5997,,1.25,1.66,,1.73
2002-04-01,2.5,56.27087,-115.013,56800011680.6495,,5.9,179.3,7312.5,,3463544.0,2074.482,,10887.46,-428.259,1.71,5.44,5501.6,,35.74,,,40.2520128269,6126469.0,,89.5532,614.559,5.21,1592.0,1106806.0,93.0,0.886,130.7718,8.2772,1.5815,,1.25,1.72,,1.75
2002-07-01,1.6,56.7026,-114.87,63709290712.3293,,5.8,180.0,7387.3,,3552588.0,2101.256,,10984.04,-447.548,1.68,4.85,5566.4,,30.55,,,46.7741426575,6228236.0,,90.6455,669.481,4.65,1655.0,1119258.0,88.1,0.9935,117.8991,8.2768,1.5456,,1.25,1.68,,1.73
2002-10-01,0.5,57.91028,-124.209,64457689474.1085,,5.7,181.2,7435.2,,3647385.0,2142.232,,11061.433,-496.289,1.58,3.72,,,26.92,,,46.4491746798,6405707.0,,90.4041,742.298,3.94,1648.0,1130630.0,80.6,0.9812,123.9077,8.2772,1.578,,1.25,1.59,,1.75
2003-01-01,2.1,57.81906,-134.986,67391148303.1365,,5.8,182.6,7541.3,,3710779.0,2172.01,14877.312,11174.129,-525.262,1.17,,,,,,,47.4307424615,6460776.0,953.2964,91.1355,739.46,4.05,1853.0,1139589.0,82.4,1.0622,118.8133,8.2775,1.5414,629406.0,2.25,1.17,,1.24
2003-04-01,3.6,58.96101,-129.269,69361772642.3959,1.82,6.0,183.2,7634.5,,3816279.0,2198.793,,11312.766,-519.87,1.13,3.84,,1.64,27.48,,,42.118442897,6670121.0,,90.4281,742.624,3.96,1643.0,1150317.0,86.0,1.0862,119.895,8.2772,1.4582,,2.25,1.14,,1.26
2003-07-01,6.8,58.64541,-130.374,69571942165.2614,1.64,6.2,183.7,7757.0,,3924045.0,2220.432,,11566.669,-518.994,0.9,3.56,,1.45,31.89,,,40.891758656,6783320.0,,90.9896,785.034,3.98,1897.0,1139701.0,90.9,1.1365,118.6959,8.2773,1.3821,,2.0,0.9,,1.01
2003-10-01,4.7,59.44466,-126.719,73107437436.2513,2.0,6.0,184.9,7867.4,,4044054.0,2251.164,,11772.234,-523.694,0.92,3.96,,1.84,33.55,,,36.4565775873,6997964.0,893.87,91.5005,840.165,4.29,1967.0,1143104.0,89.6,1.1714,109.4955,8.2768,1.3221,656186.0,2.0,0.92,,1.01
2004-01-01,2.3,59.8071,-137.586,74211736658.1133,,5.7,186.3,8007.1,,4176667.0,2286.594,15449.757,11923.447,-565.975,0.88,,,,,,,35.8936813546,7131068.0,,92.327,954.777,4.15,1911.0,1148368.0,103.8,1.2638,106.2685,8.277,1.2958,,2.0,0.89,,1.0
2004-04-01,3.1,60.05487,-156.815,71045234937.5944,2.43,5.6,187.4,8107.2,,4218734.0,2320.682,,12112.815,-617.581,0.94,3.91,,2.34,38.11,,,35.2853503265,7274335.0,,92.9096,997.169,4.35,2003.0,1176070.0,94.2,1.1989,107.6564,8.2769,1.342,,2.0,0.94,,1.0
2004-07-01,3.8,59.96643,-159.544,70330775518.4198,2.53,5.5,189.1,8236.9,,4303366.0,2356.371,,12305.307,-652.672,1.33,4.57,,2.44,37.97,,,36.2905775369,7379053.0,,93.5511,1042.501,4.5,2002.0,1207045.0,96.7,1.2266,109.4871,8.2767,1.3225,,2.25,1.35,4.25,1.26
2004-10-01,4.1,60.63713,-179.825,73188471042.0458,2.38,5.5,190.8,8397.1,,4406352.0,2388.847,,12527.214,-700.336,1.76,4.21,,2.35,38.25,,-0.6099,33.7656352835,7596143.0,,94.5671,1045.719,4.1,2072.0,1225082.0,91.7,1.2507,108.7835,8.2765,1.2469,,2.75,1.75,,1.76
2005-01-01,4.5,60.91302,-169.807,70324206891.4644,,5.3,191.6,8497.7,,4572397.0,2426.138,15987.957,12767.286,-696.655,2.33,,,,,,,34.1617870306,7776939.0,,95.8831,1266.416,4.22,2144.0,1252486.0,95.5,1.3123,103.341,8.2765,1.2248,,3.25,2.32,,2.28
2005-04-01,2.0,60.64153,-179.48,68484178331.0088,2.69,5.2,193.7,8678.4,,4527630.0,2452.246,,12922.656,-707.21,2.78,4.46,,2.85,40.34,,-0.6877,34.125369147,7836496.0,,96.628,1292.727,4.34,2061.0,1274800.0,87.7,1.2943,107.1938,8.2765,1.2359,,3.75,2.78,,2.79
2005-07-01,3.2,60.35856,-186.327,63579334497.5807,2.31,5.0,194.9,8853.8,,4601378.0,2494.438,,13142.642,-750.961,3.22,4.06,,2.34,41.73,,-0.7166,33.3228761269,7932710.0,,96.8383,1339.203,4.18,2054.0,1270233.0,96.5,1.2041,111.9535,8.2264,1.2229,,4.25,3.21,,3.26
2005-10-01,2.2,61.32008,-209.82,59177420010.4167,,5.0,199.1,8938.5,,4714607.0,2528.432,,13324.204,-804.786,3.71,,,,,,,33.9358831238,8170413.0,,96.4383,1407.538,4.46,2065.0,1291351.0,74.2,1.2022,114.8695,8.0895,1.1774,,4.75,3.7,,3.78
2006-01-01,5.5,61.55642,-198.058,54549613117.5617,,4.7,199.3,9071.6,,4872804.0,2580.086,16433.148,13599.16,-790.818,4.24,,,,,,,32.2849351346,8371156.0,,98.1305,1433.381,4.42,2273.0,1323298.0,91.2,1.2126,115.4765,8.0654,1.1572,,5.5,4.2,,4.29
2006-04-01,1.0,61.22142,-202.372,55805220977.215,,4.7,200.7,9191.6,,4797450.0,2610.565,,13753.424,-794.042,4.6,,,,,,,34.0469133461,8420042.0,,98.6769,1472.804,4.99,1821.0,1348401.0,87.4,1.2273,117.0695,8.0143,1.1441,,5.75,4.59,,4.79
2006-07-01,0.6,61.3328,-216.063,56517733829.8679,,4.7,202.9,9343.8,,4843208.0,2630.28,,13870.188,-823.284,4.95,,,,,,,33.332798811,8506974.0,,98.9804,1495.335,5.09,1737.0,1381022.0,84.7,1.2681,115.767,7.9897,1.1294,,6.25,4.96,,5.24
2006-10-01,3.5,61.82689,-190.233,54547374656.4817,,4.4,201.9,9393.6,,4901208.0,2674.454,,14039.56,-737.668,4.92,,,,,,,32.3630301572,8680224.0,,99.1253,1452.347,4.73,1491.0,1401776.0,93.6,1.2617,118.609,7.9018,1.1285,,6.25,4.89,,5.25
2007-01-01,1.2,62.25297,-199.093,54022304708.3398,,4.6,203.437,9538.7,,5054278.0,2718.491,16762.445,14215.651,-739.273,4.98,,7098.2,,,97.0323,,31.6876261844,8849665.0,,99.7571,1384.4,4.76,1409.0,1412565.0,96.9,1.2993,120.4471,7.7876,1.1763,,6.25,4.96,,5.25
2007-04-01,2.5,61.57219,-189.117,55678481519.007,,4.5,205.904,9643.6,,4943033.0,2769.958,,14402.082,-745.806,4.87,,,,,,,31.2750805808,8867677.0,,101.5874,1462.488,4.69,1490.0,1428568.0,87.1,1.3513,118.9324,7.7247,1.135,,6.25,4.87,,5.25
2007-07-01,2.3,61.84826,-170.954,55988151458.0076,,4.7,207.603,9751.1,,5049242.0,2808.718,,14564.117,-728.954,4.82,,,,,,,31.8231411495,9007653.0,,101.4925,1409.668,5.0,1354.0,1447231.0,90.4,1.3726,121.4148,7.5757,1.0502,,6.25,4.83,,5.26
2007-10-01,2.5,62.71924,-159.481,58585388707.4256,2.3,4.7,209.19,9882.7,,5136288.0,2865.057,,14715.058,-729.699,3.9,4.56,7410.2,2.13,56.66,90.8801,,33.9592193162,9229172.0,,101.6345,1432.95,4.53,1264.0,1466275.0,80.9,1.4233,115.8661,7.5019,0.9754,,5.0,3.96,,4.76
2008-01-01,-1.7,64.17278,-181.63,60975585383.563,,5.0,212.174,9996.4,,5334048.0,2909.64,16781.485,14706.538,-771.248,2.75,,,,,89.6297,,37.3747029799,9437594.0,,102.14,1325.635,3.74,1084.0,1500163.0,78.4,1.4728,107.8181,7.2405,1.0099,,3.5,2.86,,3.94
2008-04-01,2.4,63.85172,-177.213,63330568024.0449,2.35,5.0,213.942,10070.3,,5285025.0,2971.642,,14865.701,-776.404,1.29,3.57,,2.21,50.62,87.0276,,38.5175452683,9492006.0,,100.7424,1348.013,3.68,1013.0,1514500.0,62.6,1.5754,102.6777,6.9997,1.0137,,2.25,1.32,,2.28
2008-07-01,-2.1,67.28455,-176.334,63790811748.4452,2.52,5.8,219.016,10185.1,,5814240.0,3029.032,,14898.999,-787.354,1.63,4.01,,2.66,48.36,86.8447,,43.1418123576,10024725.0,,99.4214,1284.391,4.01,923.0,1535746.0,61.2,1.5759,106.8518,6.8355,1.013,,2.25,1.72,,2.01
2008-10-01,-8.5,73.24515,-151.465,58721914228.5751,1.51,6.5,216.995,10034.1,,6372651.0,3021.826,,14608.209,-628.474,0.67,3.77,,0.95,43.79,92.511,,53.9603687809,10699805.0,1557.7856,94.4956,773.27,3.81,777.0,1514202.0,57.6,1.3266,99.9659,6.8358,1.1847,476621.0,1.25,0.84,,0.97
2009-01-01,-4.5,77.10496,-96.782,64322525475.8466,,7.8,211.933,9847.2,,6836338.0,3022.047,16349.11,14430.902,-420.992,0.13,,,,,,,59.5875336988,11126941.0,,88.3811,1125.916,2.52,490.0,1447940.0,61.2,1.3244,90.1205,6.836,1.2248,,0.5,0.12,,0.15
2009-04-01,-0.7,80.28013,-88.04,64073532898.2655,1.31,9.0,212.709,9772.5,,7176464.0,3070.452,,14381.236,-358.368,0.16,2.68,,0.72,31.0,102.1252,,51.887290541,11545275.0,1502.724,85.7883,1199.363,2.93,478.0,1387619.0,65.1,1.3199,98.92,6.8306,1.2242,492330.0,0.5,0.17,,0.15
2009-07-01,1.4,82.42733,-93.378,71890209057.8923,1.72,9.5,214.726,9886.3,,7554537.0,3092.058,,14448.882,-423.998,0.18,3.55,,1.35,35.83,95.6581,,44.4964832011,11909828.0,1416.6588,85.7044,1382.393,3.56,594.0,1338627.0,66.0,1.4092,94.367,6.8317,1.1229,663470.0,0.5,0.19,,0.16
2009-10-01,4.4,84.02935,-102.595,123649037930.591,1.71,10.0,216.509,9976.7,,7814359.0,3120.796,,14651.249,-473.254,0.07,3.21,,1.33,40.35,93.5995,,41.231626921,12311349.0,,87.6035,1499.252,3.39,534.0,1323670.0,70.6,1.4821,90.3671,6.8267,1.0547,,0.5,0.08,,0.12
2010-01-01,1.9,86.51175,-108.972,118919212771.275,,9.8,217.488,10056.1,,8294251.0,3133.819,16789.75,14764.61,-509.192,0.06,,,,,,-0.301,39.3506280418,12773123.0,,89.1911,1570.962,3.73,614.0,1333989.0,74.4,1.4266,91.1011,6.8269,1.0438,,0.5,0.06,,0.11
2010-04-01,3.9,88.12832,-114.55,115440378936.001,2.28,9.9,217.403,10182.3,,8639220.0,3165.768,,14980.193,-542.514,0.16,3.89,,1.85,47.03,92.6661,,43.5083347837,13201792.0,,90.4591,1560.78,3.85,687.0,1353784.0,72.2,1.3417,93.4527,6.8256,1.0052,,0.75,0.15,,0.2
2010-07-01,3.1,89.56528,-118.375,118086093532.154,1.75,9.4,217.605,10268.1,,9027611.0,3158.301,,15141.607,-553.943,0.16,2.96,,1.48,41.37,95.8018,,39.4485343066,13561622.0,,92.2522,1646.527,3.01,546.0,1380021.0,67.8,1.2811,87.5005,6.7762,1.0422,,0.75,0.16,,0.18
2010-10-01,2.1,91.61134,-102.033,124350676677.663,1.79,9.4,219.035,10386.4,,9395411.0,3164.317,,15309.474,-523.586,0.13,2.54,,1.33,46.57,90.836,-0.008,35.5884678302,14025215.0,,92.6037,1647.5,2.54,543.0,1423618.0,67.7,1.3901,81.7285,6.6678,1.0179,,0.75,0.13,,0.19
2011-01-01,-0.9,92.95614,-118.581,122902105467.976,,9.1,221.187,10514.3,,9656573.0,3155.768,17052.41,15351.448,-568.476,0.15,,,,,,,33.6895112479,14270114.0,,93.3944,1513.837,3.39,630.0,1462605.0,74.2,1.3371,82.625,6.5964,0.9939,,0.75,0.15,,0.17
2011-04-01,2.7,92.1938,-120.608,131947527247.554,2.52,9.1,224.093,10652.1,,9746879.0,3168.261,,15557.539,-581.092,0.06,3.46,,2.25,55.16,87.7993,-0.4663,34.2434853659,14343087.0,,93.6525,1580.148,3.46,554.0,1502793.0,69.8,1.446,83.1771,6.5267,0.958,,0.75,0.06,,0.1
2011-07-01,-0.1,94.52098,-107.979,138662478884.711,2.45,9.0,225.395,10731.6,,10132039.0,3136.922,,15647.68,-567.111,0.04,3.22,,2.05,55.62,86.3613,-0.489,40.4598546098,14790340.0,,94.4931,1592.155,3.0,623.0,1534634.0,63.7,1.4275,79.2425,6.4575,0.9553,,0.75,0.03,,0.07
2011-10-01,4.6,96.09072,-112.176,139654084356.688,,8.8,226.75,10802.9,,10452503.0,3130.765,,15842.259,-601.788,0.02,,,,,,,37.4636382627,15222940.0,,95.6924,1671.585,2.15,610.0,1550965.0,60.8,1.3732,76.643,6.371,1.0198,,0.75,0.02,,0.07
2012-01-01,3.4,97.12308,-123.962,138238805320.541,,8.3,227.842,10896.8,,10876394.0,3144.024,17442.759,16068.805,-602.271,0.03,,,,,,,34.5048723666,15606518.0,,96.779,1936.487,1.97,723.0,1574174.0,75.0,1.291,76.964,6.3172,1.013,,0.75,0.02,,0.08
2012-04-01,1.8,97.82763,-118.875,141421639632.799,,8.2,229.187,11018.5,,11048217.0,3130.438,,16207.115,-565.241,0.08,,,,,,,35.8698426184,15855037.0,,97.2942,1860.118,2.05,753.0,1601274.0,76.4,1.316,81.2524,6.3043,0.9928,,0.75,0.08,,0.14
2012-07-01,0.6,98.44787,-112.132,138342517155.808,,8.2,228.59,11016.8,,11274396.0,3139.112,,16319.541,-523.083,0.1,,,,,,,34.2277234474,16066240.0,,97.6922,1878.552,1.53,740.0,1625152.0,72.3,1.2278,78.9348,6.3717,1.0142,,0.75,0.1,,0.16
2012-10-01,0.5,100.07497,-105.781,141187252660.643,2.42,7.8,231.638,11137.4,,11586560.0,3132.308,,16420.419,-515.874,0.1,1.64,10256.6,2.11,60.45,90.7011,,35.3292241046,16432730.0,,97.5425,1847.96,1.75,915.0,1645435.0,82.6,1.2974,79.0132,6.2627,0.9872,,0.75,0.1,,0.16
2013-01-01,4.0,100.73997,-105.487,140853884899.946,,8.0,231.679,11252.4,,11922454.0,3123.454,17812.167,16648.189,-499.348,0.07,,,,,,,31.6930360931,16771381.0,,98.2029,1831.269,1.91,888.0,1670382.0,73.8,1.3304,89.0581,6.2215,0.9921,,0.75,0.07,,0.14
2013-04-01,1.1,100.05758,-106.146,135753588881.813,2.51,7.6,231.797,11281.1,,11906573.0,3131.143,,16728.687,-498.38,0.06,1.86,10609.0,2.23,66.9,92.1687,,31.7575977153,16738320.0,,98.9658,1823.848,1.76,835.0,1675975.0,76.4,1.3025,97.7582,6.1861,1.0187,,0.75,0.06,,0.15
2013-07-01,3.5,98.72797,-101.305,136385700022.688,2.02,7.3,232.9,11372.6,,11980978.0,3135.192,,16953.838,-482.067,0.04,2.5,10719.4,1.8,69.69,94.0998,,30.7621941076,16738180.0,,98.9258,1862.618,2.58,880.0,1680174.0,85.1,1.3088,99.6727,6.1343,1.0402,,0.75,0.04,,0.09
2013-10-01,3.5,99.79118,-87.317,136044915083.593,2.2,7.2,233.669,11498.0,,12355194.0,3140.517,,17192.019,-434.019,0.05,2.66,,1.77,74.27,92.9515,,28.9474243435,17156119.0,,99.9203,1913.254,2.62,925.0,1708263.0,73.2,1.3646,97.77,6.1032,1.0363,,0.75,0.05,,0.09
2014-01-01,-1.4,102.34617,-111.156,133374790901.162,,6.6,235.288,11578.8,,12643201.0,3139.06,18261.714,17197.738,-510.088,0.04,,,,,,,28.6946645198,17601227.0,1583.4336,99.999,1848.159,2.86,888.0,1733229.0,81.2,1.3618,103.7614,6.0509,1.094,2208775.0,0.75,0.05,,0.07
2014-04-01,5.3,100.6513,,133236465110.313,2.14,6.2,236.468,11762.3,,12572021.0,3154.366,,17518.508,-505.404,0.03,2.77,,1.71,83.34,94.1244,,27.7952358178,17632606.0,,101.8425,1952.58,2.71,1043.0,1757622.0,84.1,1.381,102.4582,6.2246,1.0992,,0.75,0.04,,0.09
2014-07-01,5.0,100.11145,,131874784770.866,2.26,6.2,237.498,11904.4,,12784809.0,3191.749,,17804.228,-489.357,0.03,2.58,,2.0,87.23,93.1365,,28.3747683932,17824071.0,,102.8163,2011.03,2.54,1085.0,1775249.0,81.8,1.3533,101.74,6.1984,1.0739,,0.75,0.03,,0.09
2014-10-01,2.0,101.2805,,125243509619.536,1.96,5.7,237.43,12064.7,,13023818.0,3189.253,,17912.079,-530.751,0.02,2.42,,1.6,85.41,97.5387,,27.7944055574,18141444.0,1729.0697,102.9892,1977.683,2.3,1074.0,1787124.0,86.9,1.2677,108.0264,6.1251,1.1212,2451736.0,0.75,0.02,,0.09
2015-01-01,3.6,100.49009,,115561969637.645,,5.7,234.747,12066.7,,13090183.0,3187.915,18799.622,18063.529,-526.432,0.03,,,,,,,28.05035128,18152056.0,,102.8239,1877.034,1.88,1085.0,1789850.0,98.1,1.1615,118.25,6.2181,1.2122,,0.75,0.03,,0.11
2015-04-01,2.5,99.30094,,110249031731.012,1.8,5.4,236.222,12209.1,,13075036.0,3234.067,,18279.784,-509.527,0.02,1.87,,1.58,92.11,107.06,,29.1022918521,18151998.0,1843.462,101.244,1898.93,1.94,1190.0,1804704.0,95.9,1.0822,119.5095,6.201,1.2337,2459578.0,0.75,0.02,,0.12
2015-07-01,1.6,98.63595,,108276906924.998,1.89,5.2,238.034,12364.9,,13123756.0,3253.554,,18401.626,-538.082,0.03,2.43,,1.6,92.98,107.0101,,31.7995893862,18150618.0,1888.1882,101.1052,1842.986,2.32,1146.0,1821589.0,93.1,1.0997,123.3109,6.2085,1.2863,2460975.0,0.75,0.03,,0.13
2015-10-01,0.7,102.64192,,108225676443.151,1.46,5.0,237.733,12394.9,,13699868.0,3258.142,,18435.137,-523.238,0.02,2.05,,1.13,85.73,111.0439,,30.6316881057,18922179.0,,100.1871,1746.728,2.07,1058.0,1830545.0,90.0,1.1228,120.0481,6.3505,1.3072,,0.75,0.02,,0.12
2016-01-01,2.3,103.98904,,106147292068.394,,4.8,237.652,12478.0,,13929762.0,3270.141,19141.672,18525.933,-511.682,0.26,,,,,,0.2036,30.7680321782,19264939.0,,99.4558,1805.898,2.09,1092.0,1823091.0,92.0,1.0855,118.2258,6.5726,1.4208,,1.0,0.26,,0.34
2016-04-01,1.3,103.58005,,109993521451.525,1.62,5.1,238.992,12611.5,,13937309.0,3289.566,,18711.702,-489.37,0.23,1.79,,1.49,91.86,110.2977,0.3019,30.2284650439,19381591.0,,98.4669,1865.417,1.81,1163.0,1830003.0,89.0,1.1346,109.5519,6.4754,1.2818,,1.0,0.23,,0.37
2016-07-01,2.9,103.60355,,109370171511.055,1.43,4.8,240.101,12756.7,,14177750.0,3315.171,,18892.639,-481.229,0.3,1.46,,1.43,94.18,111.6509,0.4883,29.6455719864,19573445.0,,98.836,1857.546,1.5,1239.0,1837644.0,90.0,1.1055,104.191,6.6771,1.3052,,1.0,0.3,,0.39
2016-10-01,2.2,104.64891,,109978883134.9,,4.9,241.741,12867.0,,14439326.0,3337.245,,19089.379,-530.806,0.33,,,,,,,29.3272110423,19976827.0,,98.7322,1926.839,1.76,1313.0,1842232.0,87.2,1.1014,103.9075,6.7303,1.3251,,1.0,0.33,,0.4
2017-01-01,2.0,102.93741,,108141622238.222,,4.7,243.618,13063.7,,14374457.0,3353.096,19612.102,19280.084,-533.42,0.51,,,,,,,28.2857292782,19846420.0,,98.7987,2045.666,2.43,1190.0,1862003.0,98.5,1.0635,114.8721,6.8907,1.3183,,1.25,0.51,,0.65
2017-04-01,2.3,102.08817,,108984923682.605,,4.4,244.193,13169.2,,14370898.0,3370.444,,19438.643,-553.499,0.8,,,,,,,28.1699808957,19844554.0,,100.0082,2019.85,2.3,1146.0,1867150.0,97.0,1.0714,110.091,6.8876,1.3437,,1.5,0.8,,0.9
2017-07-01,3.2,102.80463,,112648483004.906,,4.3,244.243,13263.3,,14681827.0,3398.886,,19692.595,-531.498,1.07,,,,,,,27.4743879646,20244900.0,,100.0947,2061.502,2.32,1206.0,1886793.0,93.4,1.153,112.417,6.7694,1.269,,1.75,1.07,,1.15
2017-10-01,4.6,102.27408,,111590766756.134,,4.2,246.626,13447.5,,14823106.0,3466.137,,20037.088,-554.897,1.07,,,,,,,26.5503057859,20492747.0,,100.9981,1864.83,2.36,1257.0,1901744.0,100.7,1.1755,112.9148,6.6254,1.2607,,1.75,1.07,,1.15
2018-01-01,3.3,103.74395,,115173423383.508,,4.0,248.859,13703.3,,15436782.0,3513.876,20193.896,20328.553,-576.031,1.41,,13841.5,,,,,27.1094689586,21089643.0,,101.3939,1986.985,2.58,1299.0,1926721.0,95.7,1.2197,110.871,6.4233,1.2429,,2.0,1.41,,1.41
2018-04-01,2.1,102.98411,,113499030118.572,,4.0,250.227,13838.4,,15483548.0,3570.715,,20580.912,-543.823,1.76,,,,,,,27.1916269689,21195070.0,,103.3468,2063.283,2.87,1276.0,1940630.0,98.8,1.227,107.6562,6.2967,1.2732,,2.25,1.76,,1.69
2018-07-01,2.5,103.4489,,113653318052.144,,3.8,251.214,13974.8,,15778806.0,3626.086,,20798.73,-618.246,1.96,,,,,,,25.8347733906,21516058.0,,103.3334,2014.346,2.89,1208.0,1957203.0,97.9,1.1685,111.521,6.7164,1.3133,,2.5,1.96,,1.91
2018-10-01,0.6,105.04941,,112530791195.936,2.14,3.8,252.772,14083.1,,16120742.0,3650.847,,20917.867,-634.207,2.25,3.09,14238.5,2.04,137.35,113.8227,,30.6019725723,21974096.0,,103.9397,2015.959,3.15,1221.0,1988086.0,98.6,1.1488,112.7218,6.9191,1.3004,,2.75,2.25,,2.19
2019-01-01,2.2,104.37709,,115316347258.895,,4.0,252.561,14088.4,,16223851.0,3704.546,20692.087,21104.133,-598.587,2.37,,,,,,,27.3271044864,22027880.0,,103.373,2038.76,2.71,1232.0,2016888.0,91.2,1.1418,108.9605,6.7863,1.33,,3.0,2.37,,2.4
2019-04-01,3.4,102.98581,,116222740424.492,1.9,3.7,255.233,14278.3,,16204719.0,3768.165,,21384.775,-615.022,2.38,2.49,14538.0,1.82,135.63,114.935,,26.9385101639,22023283.0,,102.2481,2052.053,2.53,1267.0,2034374.0,97.2,1.1234,111.6414,6.7161,1.3378,,3.0,2.38,,2.42
2019-07-01,4.6,104.7253,,117803924307.551,1.69,3.7,255.802,14471.8,,16825978.0,3821.476,,21694.282,-584.258,2.1,2.03,14820.4,1.53,140.33,114.7247,,27.1730242322,22719402.0,,102.0236,2099.481,2.06,1245.0,2046708.0,98.4,1.1211,108.2864,6.8775,1.3105,,3.0,2.13,,2.4
2019-10-01,2.6,105.93081,,117770862773.342,1.52,3.6,257.155,14584.0,,17187392.0,3865.345,,21902.39,-516.146,1.65,1.65,,1.33,138.59,117.9621,,25.4742290633,23201380.0,,101.6022,2120.145,1.71,1332.0,2046152.0,95.5,1.1058,108.1368,7.0961,1.3189,,2.25,1.68,,1.83
2020-01-01,-5.3,106.99007,,117826023393.531,,3.6,258.906,14815.7,,17228778.0,3943.653,20234.074,21706.513,-518.021,1.52,,,,,,,34.2400306316,23223813.0,2343.6173,101.3768,2009.635,1.76,1572.0,2037185.0,99.8,1.1098,109.2667,6.9184,1.3089,2328933.0,2.25,1.53,,1.55
2020-04-01,-28.0,132.96365,,117760500170.0,0.91,14.8,256.126,12228.3,,20548375.0,4021.065,,19913.143,-531.137,0.14,0.62,,0.56,115.46,123.8033,,28.9959394997,26477241.0,2806.9025,84.5979,1837.522,0.66,925.0,1988963.0,71.8,1.0871,107.7386,7.0708,1.4048,3340832.0,0.25,0.15,,0.05
2020-07-01,34.8,124.47265,,128930385113.282,1.37,10.2,258.408,14285.1,,21037627.0,3995.986,,21647.64,-695.747,0.13,0.69,,1.17,149.18,120.0902,,26.017068656,26945391.0,2878.6964,95.0144,2534.949,0.62,1529.0,1922986.0,72.5,1.1488,106.6818,7.0041,1.3497,4213220.0,0.25,0.13,,0.09
2020-10-01,4.2,125.98604,,128436769347.265,1.63,6.8,260.249,14702.5,,21651416.0,4018.324,,22024.502,-760.659,0.1,0.68,,1.48,163.86,116.7339,,22.6465048949,27747798.0,,96.4292,2367.466,0.79,1537.0,1966440.0,81.8,1.1768,105.2095,6.7254,1.3218,,0.25,0.1,,0.09
2021-01-01,5.2,124.47938,,132967973841.613,,6.4,262.518,15047.3,,22006863.0,4143.85,21407.692,22600.185,-792.417,0.08,,,,,,-0.6651,21.6956764129,28132570.0,,98.7836,2671.867,1.08,1602.0,2010148.0,79.0,1.2178,103.7883,6.4672,1.2725,,0.25,0.09,,0.09
2021-04-01,6.2,122.48408,,130079302681.715,2.35,6.1,266.752,15854.1,,22353532.0,4160.188,,23292.362,-831.972,0.02,1.69,,2.55,200.84,113.7504,,20.4342148677,28529436.0,,98.2886,2950.781,1.64,1484.0,2031702.0,88.3,1.1965,109.0445,6.5186,1.2494,,0.25,0.02,,0.07
2021-07-01,3.3,119.304,,129513902616.191,2.35,5.4,271.994,16150.8,,22305879.0,4201.529,,23828.973,-884.277,0.05,1.48,,2.49,215.98,112.7484,,20.6652204752,28428919.0,,100.1231,2907.583,1.32,1593.0,2090198.0,81.2,1.1821,110.2143,6.4763,1.253,,0.25,0.05,,0.1
2021-10-01,7.0,120.12854,,241388718004.096,2.38,4.5,276.434,16613.8,,23168329.0,4266.648,,24654.603,-924.289,0.05,1.48,,2.51,216.91,114.3899,-0.8845,19.5120410079,29617215.0,,100.3045,2847.819,1.58,1572.0,2166808.0,71.7,1.16,113.1215,6.4172,1.2434,,,,,0.08
2022-01-01,-2.0,121.46238,,239330787754.896,,4.0,282.39,16888.6,,23903280.0,4321.404,21822.037,25029.116,-1089.677,0.15,,,,,,,21.1967026212,30400960.0,,101.0227,2909.892,1.76,1669.0,2298300.0,67.2,1.1317,114.8255,6.3556,1.2622,,,,,0.08
2022-04-01,-0.6,119.66902,,229916629436.113,2.8,3.7,288.764,17310.5,,23933481.0,4415.676,,25544.273,-1025.567,0.76,2.39,,3.28,220.59,115.4835,,25.9621437214,30568582.0,,102.7953,3148.734,2.75,1803.0,2417279.0,65.2,1.0803,126.3743,6.431,1.2628,,,,,0.33
2022-07-01,2.7,118.98189,,226993140641.825,2.34,3.5,294.977,17556.4,,24320206.0,4477.855,,25994.639,-892.026,2.23,2.88,,2.6,183.73,121.5123,,27.4014620285,30928912.0,,103.1328,3013.486,2.9,1371.0,2503621.0,51.5,1.0168,136.709,6.7352,1.2936,,,,,1.68
2022-10-01,2.6,118.97609,,221754526688.245,,3.6,297.863,17915.1,,24539241.0,4572.408,,26408.405,-877.204,3.72,,,,,,,26.4826642977,31419689.0,,103.4114,2850.085,3.98,1432.0,2533813.0,59.9,0.9853,147.0515,7.1902,1.3689,,,,,3.08
2023-01-01,2.2,117.32269,,236062811968.465,,3.4,300.356,18229.6,,24714826.0,4643.89,22376.906,26813.601,-825.687,4.54,,,,,,,24.9326328331,31458438.0,,102.5478,2881.042,3.53,1340.0,2544584.0,64.9,1.0777,130.4475,6.7904,1.3422,,,,,4.33
2023-04-01,2.1,119.47035,,235645289630.708,,3.4,303.032,18363.8,,25482075.0,4669.808,,27063.012,-806.093,4.92,,,,,,,23.1653473588,32332274.0,,103.1512,2902.86,3.46,1348.0,2541956.0,63.7,1.0962,133.4745,6.8876,1.3484,,,,,4.83
2023-07-01,4.9,120.12742,,233966834670.548,,3.5,304.628,18595.4,,26349499.0,4794.83,,27610.128,-779.231,5.25,,,,,,,24.2257090706,33167334.0,,103.19,3017.805,3.9,1451.0,2539181.0,71.5,1.1067,140.936,7.1863,1.3211,,,,,5.12
2023-10-01,3.4,121.62069,,229672544553.801,,3.8,307.531,18826.8,,26960227.0,4871.828,,27956.998,-783.734,5.34,,,,,,,21.6176624469,34001494.0,,102.5502,3096.319,4.8,1376.0,2550320.0,63.8,1.0565,149.5933,7.3071,1.3712,,,,,5.33
